plot_id;PM_BER_PC;bbch_stage;observation_date
10A;0;BBCH 89;28/08/2024
10A;0;BBCH 89;28/08/2024
10A;20;BBCH 89;28/08/2024
10A;50;BBCH 89;28/08/2024
10A;0;BBCH 89;28/08/2024
10A;20;BBCH 89;28/08/2024
10A;0;BBCH 89;28/08/2024
10A;10;BBCH 89;28/08/2024
10A;0;BBCH 89;28/08/2024
10A;2;BBCH 89;28/08/2024
10A;100;BBCH 89;28/08/2024
10A;10;BBCH 89;28/08/2024
10A;10;BBCH 89;28/08/2024
10A;0;BBCH 89;28/08/2024
10A;80;BBCH 89;28/08/2024
10A;0;BBCH 89;28/08/2024
10A;0;BBCH 89;28/08/2024
10A;5;BBCH 89;28/08/2024
10A;0;BBCH 89;28/08/2024
10A;0;BBCH 89;28/08/2024
10A;0;BBCH 89;28/08/2024
10A;0;BBCH 89;28/08/2024
10A;0;BBCH 89;28/08/2024
10A;2;BBCH 89;28/08/2024
10A;0;BBCH 89;28/08/2024
10A;5;BBCH 89;28/08/2024
10A;20;BBCH 89;28/08/2024
10A;20;BBCH 89;28/08/2024
10A;10;BBCH 89;28/08/2024
10A;10;BBCH 89;28/08/2024
10A;5;BBCH 89;28/08/2024
10A;10;BBCH 89;28/08/2024
10A;10;BBCH 89;28/08/2024
10A;5;BBCH 89;28/08/2024
10A;2;BBCH 89;28/08/2024
10A;0;BBCH 89;28/08/2024
10A;5;BBCH 89;28/08/2024
10A;0;BBCH 89;28/08/2024
10A;30;BBCH 89;28/08/2024
10A;20;BBCH 89;28/08/2024
10A;10;BBCH 89;28/08/2024
10A;30;BBCH 89;28/08/2024
10A;0;BBCH 89;28/08/2024
10A;40;BBCH 89;28/08/2024
10A;0;BBCH 89;28/08/2024
10A;0;BBCH 89;28/08/2024
10A;20;BBCH 89;28/08/2024
10A;0;BBCH 89;28/08/2024
10A;5;BBCH 89;28/08/2024
10A;10;BBCH 89;28/08/2024
10B;0;BBCH 89;28/08/2024
10B;0;BBCH 89;28/08/2024
10B;5;BBCH 89;28/08/2024
10B;0;BBCH 89;28/08/2024
10B;10;BBCH 89;28/08/2024
10B;20;BBCH 89;28/08/2024
10B;10;BBCH 89;28/08/2024
10B;20;BBCH 89;28/08/2024
10B;30;BBCH 89;28/08/2024
10B;40;BBCH 89;28/08/2024
10B;5;BBCH 89;28/08/2024
10B;100;BBCH 89;28/08/2024
10B;0;BBCH 89;28/08/2024
10B;20;BBCH 89;28/08/2024
10B;10;BBCH 89;28/08/2024
10B;0;BBCH 89;28/08/2024
10B;20;BBCH 89;28/08/2024
10B;40;BBCH 89;28/08/2024
10B;20;BBCH 89;28/08/2024
10B;50;BBCH 89;28/08/2024
10B;0;BBCH 89;28/08/2024
10B;50;BBCH 89;28/08/2024
10B;5;BBCH 89;28/08/2024
10B;20;BBCH 89;28/08/2024
10B;0;BBCH 89;28/08/2024
10B;10;BBCH 89;28/08/2024
10B;0;BBCH 89;28/08/2024
10B;20;BBCH 89;28/08/2024
10B;0;BBCH 89;28/08/2024
10B;5;BBCH 89;28/08/2024
10B;0;BBCH 89;28/08/2024
10B;0;BBCH 89;28/08/2024
10B;10;BBCH 89;28/08/2024
10B;2;BBCH 89;28/08/2024
10B;10;BBCH 89;28/08/2024
10B;10;BBCH 89;28/08/2024
10B;20;BBCH 89;28/08/2024
10B;0;BBCH 89;28/08/2024
10B;0;BBCH 89;28/08/2024
10B;5;BBCH 89;28/08/2024
10B;50;BBCH 89;28/08/2024
10B;0;BBCH 89;28/08/2024
10B;30;BBCH 89;28/08/2024
10B;50;BBCH 89;28/08/2024
10B;0;BBCH 89;28/08/2024
10B;0;BBCH 89;28/08/2024
10B;0;BBCH 89;28/08/2024
10B;0;BBCH 89;28/08/2024
10B;20;BBCH 89;28/08/2024
10B;50;BBCH 89;28/08/2024
10C;0;BBCH 89;28/08/2024
10C;5;BBCH 89;28/08/2024
10C;20;BBCH 89;28/08/2024
10C;0;BBCH 89;28/08/2024
10C;10;BBCH 89;28/08/2024
10C;10;BBCH 89;28/08/2024
10C;0;BBCH 89;28/08/2024
10C;5;BBCH 89;28/08/2024
10C;0;BBCH 89;28/08/2024
10C;0;BBCH 89;28/08/2024
10C;20;BBCH 89;28/08/2024
10C;30;BBCH 89;28/08/2024
10C;30;BBCH 89;28/08/2024
10C;30;BBCH 89;28/08/2024
10C;20;BBCH 89;28/08/2024
10C;50;BBCH 89;28/08/2024
10C;0;BBCH 89;28/08/2024
10C;0;BBCH 89;28/08/2024
10C;20;BBCH 89;28/08/2024
10C;10;BBCH 89;28/08/2024
10C;10;BBCH 89;28/08/2024
10C;0;BBCH 89;28/08/2024
10C;0;BBCH 89;28/08/2024
10C;5;BBCH 89;28/08/2024
10C;10;BBCH 89;28/08/2024
10C;30;BBCH 89;28/08/2024
10C;10;BBCH 89;28/08/2024
10C;10;BBCH 89;28/08/2024
10C;0;BBCH 89;28/08/2024
10C;0;BBCH 89;28/08/2024
10C;40;BBCH 89;28/08/2024
10C;0;BBCH 89;28/08/2024
10C;0;BBCH 89;28/08/2024
10C;20;BBCH 89;28/08/2024
10C;50;BBCH 89;28/08/2024
10C;0;BBCH 89;28/08/2024
10C;30;BBCH 89;28/08/2024
10C;10;BBCH 89;28/08/2024
10C;50;BBCH 89;28/08/2024
10C;30;BBCH 89;28/08/2024
10C;50;BBCH 89;28/08/2024
10C;20;BBCH 89;28/08/2024
10C;50;BBCH 89;28/08/2024
10C;5;BBCH 89;28/08/2024
10C;5;BBCH 89;28/08/2024
10C;0;BBCH 89;28/08/2024
10C;0;BBCH 89;28/08/2024
10C;2;BBCH 89;28/08/2024
10C;0;BBCH 89;28/08/2024
10C;5;BBCH 89;28/08/2024
10D;20;BBCH 89;28/08/2024
10D;0;BBCH 89;28/08/2024
10D;30;BBCH 89;28/08/2024
10D;0;BBCH 89;28/08/2024
10D;40;BBCH 89;28/08/2024
10D;0;BBCH 89;28/08/2024
10D;0;BBCH 89;28/08/2024
10D;5;BBCH 89;28/08/2024
10D;10;BBCH 89;28/08/2024
10D;5;BBCH 89;28/08/2024
10D;0;BBCH 89;28/08/2024
10D;50;BBCH 89;28/08/2024
10D;5;BBCH 89;28/08/2024
10D;30;BBCH 89;28/08/2024
10D;0;BBCH 89;28/08/2024
10D;20;BBCH 89;28/08/2024
10D;20;BBCH 89;28/08/2024
10D;0;BBCH 89;28/08/2024
10D;10;BBCH 89;28/08/2024
10D;10;BBCH 89;28/08/2024
10D;20;BBCH 89;28/08/2024
10D;100;BBCH 89;28/08/2024
10D;0;BBCH 89;28/08/2024
10D;0;BBCH 89;28/08/2024
10D;0;BBCH 89;28/08/2024
10D;20;BBCH 89;28/08/2024
10D;5;BBCH 89;28/08/2024
10D;0;BBCH 89;28/08/2024
10D;0;BBCH 89;28/08/2024
10D;10;BBCH 89;28/08/2024
10D;0;BBCH 89;28/08/2024
10D;0;BBCH 89;28/08/2024
10D;0;BBCH 89;28/08/2024
10D;10;BBCH 89;28/08/2024
10D;50;BBCH 89;28/08/2024
10D;20;BBCH 89;28/08/2024
10D;30;BBCH 89;28/08/2024
10D;0;BBCH 89;28/08/2024
10D;0;BBCH 89;28/08/2024
10D;50;BBCH 89;28/08/2024
10D;0;BBCH 89;28/08/2024
10D;30;BBCH 89;28/08/2024
10D;0;BBCH 89;28/08/2024
10D;0;BBCH 89;28/08/2024
10D;10;BBCH 89;28/08/2024
10D;30;BBCH 89;28/08/2024
10D;0;BBCH 89;28/08/2024
10D;5;BBCH 89;28/08/2024
10D;0;BBCH 89;28/08/2024
10D;0;BBCH 89;28/08/2024
1A;0;BBCH 89;28/08/2024
1A;5;BBCH 89;28/08/2024
1A;0;BBCH 89;28/08/2024
1A;20;BBCH 89;28/08/2024
1A;2;BBCH 89;28/08/2024
1A;2;BBCH 89;28/08/2024
1A;2;BBCH 89;28/08/2024
1A;10;BBCH 89;28/08/2024
1A;20;BBCH 89;28/08/2024
1A;15;BBCH 89;28/08/2024
1A;0;BBCH 89;28/08/2024
1A;0;BBCH 89;28/08/2024
1A;80;BBCH 89;28/08/2024
1A;10;BBCH 89;28/08/2024
1A;60;BBCH 89;28/08/2024
1A;30;BBCH 89;28/08/2024
1A;50;BBCH 89;28/08/2024
1A;0;BBCH 89;28/08/2024
1A;0;BBCH 89;28/08/2024
1A;0;BBCH 89;28/08/2024
1A;20;BBCH 89;28/08/2024
1A;0;BBCH 89;28/08/2024
1A;5;BBCH 89;28/08/2024
1A;20;BBCH 89;28/08/2024
1A;0;BBCH 89;28/08/2024
1A;5;BBCH 89;28/08/2024
1A;80;BBCH 89;28/08/2024
1A;0;BBCH 89;28/08/2024
1A;2;BBCH 89;28/08/2024
1A;5;BBCH 89;28/08/2024
1A;20;BBCH 89;28/08/2024
1A;2;BBCH 89;28/08/2024
1A;5;BBCH 89;28/08/2024
1A;10;BBCH 89;28/08/2024
1A;2;BBCH 89;28/08/2024
1A;80;BBCH 89;28/08/2024
1A;10;BBCH 89;28/08/2024
1A;5;BBCH 89;28/08/2024
1A;20;BBCH 89;28/08/2024
1A;0;BBCH 89;28/08/2024
1A;0;BBCH 89;28/08/2024
1A;5;BBCH 89;28/08/2024
1A;20;BBCH 89;28/08/2024
1A;40;BBCH 89;28/08/2024
1A;0;BBCH 89;28/08/2024
1A;5;BBCH 89;28/08/2024
1A;30;BBCH 89;28/08/2024
1A;0;BBCH 89;28/08/2024
1A;30;BBCH 89;28/08/2024
1A;0;BBCH 89;28/08/2024
1B;20;BBCH 89;28/08/2024
1B;0;BBCH 89;28/08/2024
1B;0;BBCH 89;28/08/2024
1B;20;BBCH 89;28/08/2024
1B;70;BBCH 89;28/08/2024
1B;0;BBCH 89;28/08/2024
1B;10;BBCH 89;28/08/2024
1B;5;BBCH 89;28/08/2024
1B;40;BBCH 89;28/08/2024
1B;50;BBCH 89;28/08/2024
1B;0;BBCH 89;28/08/2024
1B;10;BBCH 89;28/08/2024
1B;5;BBCH 89;28/08/2024
1B;5;BBCH 89;28/08/2024
1B;0;BBCH 89;28/08/2024
1B;0;BBCH 89;28/08/2024
1B;10;BBCH 89;28/08/2024
1B;5;BBCH 89;28/08/2024
1B;0;BBCH 89;28/08/2024
1B;80;BBCH 89;28/08/2024
1B;10;BBCH 89;28/08/2024
1B;2;BBCH 89;28/08/2024
1B;10;BBCH 89;28/08/2024
1B;10;BBCH 89;28/08/2024
1B;0;BBCH 89;28/08/2024
1B;20;BBCH 89;28/08/2024
1B;90;BBCH 89;28/08/2024
1B;5;BBCH 89;28/08/2024
1B;40;BBCH 89;28/08/2024
1B;50;BBCH 89;28/08/2024
1B;20;BBCH 89;28/08/2024
1B;0;BBCH 89;28/08/2024
1B;100;BBCH 89;28/08/2024
1B;80;BBCH 89;28/08/2024
1B;30;BBCH 89;28/08/2024
1B;30;BBCH 89;28/08/2024
1B;50;BBCH 89;28/08/2024
1B;5;BBCH 89;28/08/2024
1B;10;BBCH 89;28/08/2024
1B;50;BBCH 89;28/08/2024
1B;10;BBCH 89;28/08/2024
1B;0;BBCH 89;28/08/2024
1B;5;BBCH 89;28/08/2024
1B;20;BBCH 89;28/08/2024
1B;10;BBCH 89;28/08/2024
1B;20;BBCH 89;28/08/2024
1B;20;BBCH 89;28/08/2024
1B;0;BBCH 89;28/08/2024
1B;20;BBCH 89;28/08/2024
1B;30;BBCH 89;28/08/2024
1C;30;BBCH 89;28/08/2024
1C;10;BBCH 89;28/08/2024
1C;20;BBCH 89;28/08/2024
1C;20;BBCH 89;28/08/2024
1C;0;BBCH 89;28/08/2024
1C;20;BBCH 89;28/08/2024
1C;0;BBCH 89;28/08/2024
1C;0;BBCH 89;28/08/2024
1C;20;BBCH 89;28/08/2024
1C;0;BBCH 89;28/08/2024
1C;10;BBCH 89;28/08/2024
1C;0;BBCH 89;28/08/2024
1C;0;BBCH 89;28/08/2024
1C;5;BBCH 89;28/08/2024
1C;40;BBCH 89;28/08/2024
1C;30;BBCH 89;28/08/2024
1C;0;BBCH 89;28/08/2024
1C;0;BBCH 89;28/08/2024
1C;0;BBCH 89;28/08/2024
1C;0;BBCH 89;28/08/2024
1C;0;BBCH 89;28/08/2024
1C;0;BBCH 89;28/08/2024
1C;0;BBCH 89;28/08/2024
1C;5;BBCH 89;28/08/2024
1C;10;BBCH 89;28/08/2024
1C;30;BBCH 89;28/08/2024
1C;60;BBCH 89;28/08/2024
1C;5;BBCH 89;28/08/2024
1C;0;BBCH 89;28/08/2024
1C;0;BBCH 89;28/08/2024
1C;0;BBCH 89;28/08/2024
1C;80;BBCH 89;28/08/2024
1C;50;BBCH 89;28/08/2024
1C;0;BBCH 89;28/08/2024
1C;30;BBCH 89;28/08/2024
1C;20;BBCH 89;28/08/2024
1C;0;BBCH 89;28/08/2024
1C;30;BBCH 89;28/08/2024
1C;0;BBCH 89;28/08/2024
1C;100;BBCH 89;28/08/2024
1C;20;BBCH 89;28/08/2024
1C;20;BBCH 89;28/08/2024
1C;0;BBCH 89;28/08/2024
1C;0;BBCH 89;28/08/2024
1C;0;BBCH 89;28/08/2024
1C;20;BBCH 89;28/08/2024
1C;10;BBCH 89;28/08/2024
1C;5;BBCH 89;28/08/2024
1C;10;BBCH 89;28/08/2024
1C;5;BBCH 89;28/08/2024
1D;20;BBCH 89;28/08/2024
1D;5;BBCH 89;28/08/2024
1D;10;BBCH 89;28/08/2024
1D;5;BBCH 89;28/08/2024
1D;0;BBCH 89;28/08/2024
1D;5;BBCH 89;28/08/2024
1D;20;BBCH 89;28/08/2024
1D;5;BBCH 89;28/08/2024
1D;20;BBCH 89;28/08/2024
1D;10;BBCH 89;28/08/2024
1D;10;BBCH 89;28/08/2024
1D;100;BBCH 89;28/08/2024
1D;10;BBCH 89;28/08/2024
1D;5;BBCH 89;28/08/2024
1D;20;BBCH 89;28/08/2024
1D;0;BBCH 89;28/08/2024
1D;20;BBCH 89;28/08/2024
1D;0;BBCH 89;28/08/2024
1D;0;BBCH 89;28/08/2024
1D;5;BBCH 89;28/08/2024
1D;20;BBCH 89;28/08/2024
1D;0;BBCH 89;28/08/2024
1D;5;BBCH 89;28/08/2024
1D;0;BBCH 89;28/08/2024
1D;20;BBCH 89;28/08/2024
1D;50;BBCH 89;28/08/2024
1D;0;BBCH 89;28/08/2024
1D;0;BBCH 89;28/08/2024
1D;30;BBCH 89;28/08/2024
1D;80;BBCH 89;28/08/2024
1D;5;BBCH 89;28/08/2024
1D;10;BBCH 89;28/08/2024
1D;5;BBCH 89;28/08/2024
1D;10;BBCH 89;28/08/2024
1D;0;BBCH 89;28/08/2024
1D;40;BBCH 89;28/08/2024
1D;5;BBCH 89;28/08/2024
1D;10;BBCH 89;28/08/2024
1D;50;BBCH 89;28/08/2024
1D;0;BBCH 89;28/08/2024
1D;0;BBCH 89;28/08/2024
1D;50;BBCH 89;28/08/2024
1D;20;BBCH 89;28/08/2024
1D;80;BBCH 89;28/08/2024
1D;0;BBCH 89;28/08/2024
1D;5;BBCH 89;28/08/2024
1D;10;BBCH 89;28/08/2024
1D;20;BBCH 89;28/08/2024
1D;10;BBCH 89;28/08/2024
1D;30;BBCH 89;28/08/2024
2A;5;BBCH 89;28/08/2024
2A;50;BBCH 89;28/08/2024
2A;50;BBCH 89;28/08/2024
2A;80;BBCH 89;28/08/2024
2A;100;BBCH 89;28/08/2024
2A;100;BBCH 89;28/08/2024
2A;80;BBCH 89;28/08/2024
2A;80;BBCH 89;28/08/2024
2A;30;BBCH 89;28/08/2024
2A;30;BBCH 89;28/08/2024
2A;30;BBCH 89;28/08/2024
2A;60;BBCH 89;28/08/2024
2A;20;BBCH 89;28/08/2024
2A;50;BBCH 89;28/08/2024
2A;80;BBCH 89;28/08/2024
2A;90;BBCH 89;28/08/2024
2A;90;BBCH 89;28/08/2024
2A;100;BBCH 89;28/08/2024
2A;70;BBCH 89;28/08/2024
2A;70;BBCH 89;28/08/2024
2A;50;BBCH 89;28/08/2024
2A;30;BBCH 89;28/08/2024
2A;80;BBCH 89;28/08/2024
2A;80;BBCH 89;28/08/2024
2A;30;BBCH 89;28/08/2024
2A;100;BBCH 89;28/08/2024
2A;100;BBCH 89;28/08/2024
2A;50;BBCH 89;28/08/2024
2A;100;BBCH 89;28/08/2024
2A;60;BBCH 89;28/08/2024
2A;70;BBCH 89;28/08/2024
2A;100;BBCH 89;28/08/2024
2A;50;BBCH 89;28/08/2024
2A;90;BBCH 89;28/08/2024
2A;100;BBCH 89;28/08/2024
2A;80;BBCH 89;28/08/2024
2A;90;BBCH 89;28/08/2024
2A;100;BBCH 89;28/08/2024
2A;40;BBCH 89;28/08/2024
2A;50;BBCH 89;28/08/2024
2A;40;BBCH 89;28/08/2024
2A;50;BBCH 89;28/08/2024
2A;50;BBCH 89;28/08/2024
2A;50;BBCH 89;28/08/2024
2A;80;BBCH 89;28/08/2024
2A;100;BBCH 89;28/08/2024
2A;40;BBCH 89;28/08/2024
2A;100;BBCH 89;28/08/2024
2A;90;BBCH 89;28/08/2024
2A;20;BBCH 89;28/08/2024
2B;10;BBCH 89;28/08/2024
2B;50;BBCH 89;28/08/2024
2B;10;BBCH 89;28/08/2024
2B;0;BBCH 89;28/08/2024
2B;5;BBCH 89;28/08/2024
2B;30;BBCH 89;28/08/2024
2B;0;BBCH 89;28/08/2024
2B;30;BBCH 89;28/08/2024
2B;40;BBCH 89;28/08/2024
2B;30;BBCH 89;28/08/2024
2B;20;BBCH 89;28/08/2024
2B;30;BBCH 89;28/08/2024
2B;20;BBCH 89;28/08/2024
2B;0;BBCH 89;28/08/2024
2B;0;BBCH 89;28/08/2024
2B;50;BBCH 89;28/08/2024
2B;5;BBCH 89;28/08/2024
2B;80;BBCH 89;28/08/2024
2B;2;BBCH 89;28/08/2024
2B;50;BBCH 89;28/08/2024
2B;100;BBCH 89;28/08/2024
2B;20;BBCH 89;28/08/2024
2B;10;BBCH 89;28/08/2024
2B;10;BBCH 89;28/08/2024
2B;5;BBCH 89;28/08/2024
2B;0;BBCH 89;28/08/2024
2B;0;BBCH 89;28/08/2024
2B;0;BBCH 89;28/08/2024
2B;80;BBCH 89;28/08/2024
2B;20;BBCH 89;28/08/2024
2B;5;BBCH 89;28/08/2024
2B;5;BBCH 89;28/08/2024
2B;30;BBCH 89;28/08/2024
2B;20;BBCH 89;28/08/2024
2B;0;BBCH 89;28/08/2024
2B;30;BBCH 89;28/08/2024
2B;30;BBCH 89;28/08/2024
2B;60;BBCH 89;28/08/2024
2B;5;BBCH 89;28/08/2024
2B;0;BBCH 89;28/08/2024
2B;5;BBCH 89;28/08/2024
2B;5;BBCH 89;28/08/2024
2B;20;BBCH 89;28/08/2024
2B;40;BBCH 89;28/08/2024
2B;20;BBCH 89;28/08/2024
2B;5;BBCH 89;28/08/2024
2B;20;BBCH 89;28/08/2024
2B;0;BBCH 89;28/08/2024
2B;0;BBCH 89;28/08/2024
2B;0;BBCH 89;28/08/2024
2C;20;BBCH 89;28/08/2024
2C;5;BBCH 89;28/08/2024
2C;0;BBCH 89;28/08/2024
2C;0;BBCH 89;28/08/2024
2C;50;BBCH 89;28/08/2024
2C;0;BBCH 89;28/08/2024
2C;0;BBCH 89;28/08/2024
2C;0;BBCH 89;28/08/2024
2C;5;BBCH 89;28/08/2024
2C;0;BBCH 89;28/08/2024
2C;0;BBCH 89;28/08/2024
2C;0;BBCH 89;28/08/2024
2C;40;BBCH 89;28/08/2024
2C;40;BBCH 89;28/08/2024
2C;30;BBCH 89;28/08/2024
2C;10;BBCH 89;28/08/2024
2C;0;BBCH 89;28/08/2024
2C;20;BBCH 89;28/08/2024
2C;0;BBCH 89;28/08/2024
2C;10;BBCH 89;28/08/2024
2C;0;BBCH 89;28/08/2024
2C;5;BBCH 89;28/08/2024
2C;0;BBCH 89;28/08/2024
2C;0;BBCH 89;28/08/2024
2C;0;BBCH 89;28/08/2024
2C;20;BBCH 89;28/08/2024
2C;60;BBCH 89;28/08/2024
2C;0;BBCH 89;28/08/2024
2C;30;BBCH 89;28/08/2024
2C;10;BBCH 89;28/08/2024
2C;0;BBCH 89;28/08/2024
2C;10;BBCH 89;28/08/2024
2C;0;BBCH 89;28/08/2024
2C;10;BBCH 89;28/08/2024
2C;5;BBCH 89;28/08/2024
2C;20;BBCH 89;28/08/2024
2C;10;BBCH 89;28/08/2024
2C;10;BBCH 89;28/08/2024
2C;0;BBCH 89;28/08/2024
2C;20;BBCH 89;28/08/2024
2C;5;BBCH 89;28/08/2024
2C;0;BBCH 89;28/08/2024
2C;0;BBCH 89;28/08/2024
2C;5;BBCH 89;28/08/2024
2C;0;BBCH 89;28/08/2024
2C;0;BBCH 89;28/08/2024
2C;5;BBCH 89;28/08/2024
2C;30;BBCH 89;28/08/2024
2C;0;BBCH 89;28/08/2024
2C;20;BBCH 89;28/08/2024
2D;0;BBCH 89;28/08/2024
2D;10;BBCH 89;28/08/2024
2D;20;BBCH 89;28/08/2024
2D;0;BBCH 89;28/08/2024
2D;0;BBCH 89;28/08/2024
2D;0;BBCH 89;28/08/2024
2D;50;BBCH 89;28/08/2024
2D;5;BBCH 89;28/08/2024
2D;10;BBCH 89;28/08/2024
2D;10;BBCH 89;28/08/2024
2D;50;BBCH 89;28/08/2024
2D;0;BBCH 89;28/08/2024
2D;0;BBCH 89;28/08/2024
2D;0;BBCH 89;28/08/2024
2D;0;BBCH 89;28/08/2024
2D;50;BBCH 89;28/08/2024
2D;20;BBCH 89;28/08/2024
2D;5;BBCH 89;28/08/2024
2D;0;BBCH 89;28/08/2024
2D;0;BBCH 89;28/08/2024
2D;10;BBCH 89;28/08/2024
2D;60;BBCH 89;28/08/2024
2D;0;BBCH 89;28/08/2024
2D;30;BBCH 89;28/08/2024
2D;0;BBCH 89;28/08/2024
2D;30;BBCH 89;28/08/2024
2D;0;BBCH 89;28/08/2024
2D;0;BBCH 89;28/08/2024
2D;20;BBCH 89;28/08/2024
2D;0;BBCH 89;28/08/2024
2D;50;BBCH 89;28/08/2024
2D;0;BBCH 89;28/08/2024
2D;20;BBCH 89;28/08/2024
2D;10;BBCH 89;28/08/2024
2D;50;BBCH 89;28/08/2024
2D;10;BBCH 89;28/08/2024
2D;5;BBCH 89;28/08/2024
2D;0;BBCH 89;28/08/2024
2D;0;BBCH 89;28/08/2024
2D;5;BBCH 89;28/08/2024
2D;0;BBCH 89;28/08/2024
2D;0;BBCH 89;28/08/2024
2D;5;BBCH 89;28/08/2024
2D;10;BBCH 89;28/08/2024
2D;10;BBCH 89;28/08/2024
2D;5;BBCH 89;28/08/2024
2D;5;BBCH 89;28/08/2024
2D;0;BBCH 89;28/08/2024
2D;2;BBCH 89;28/08/2024
2D;10;BBCH 89;28/08/2024
3A;10;BBCH 89;28/08/2024
3A;10;BBCH 89;28/08/2024
3A;0;BBCH 89;28/08/2024
3A;5;BBCH 89;28/08/2024
3A;0;BBCH 89;28/08/2024
3A;0;BBCH 89;28/08/2024
3A;40;BBCH 89;28/08/2024
3A;5;BBCH 89;28/08/2024
3A;10;BBCH 89;28/08/2024
3A;5;BBCH 89;28/08/2024
3A;2;BBCH 89;28/08/2024
3A;5;BBCH 89;28/08/2024
3A;0;BBCH 89;28/08/2024
3A;0;BBCH 89;28/08/2024
3A;0;BBCH 89;28/08/2024
3A;5;BBCH 89;28/08/2024
3A;0;BBCH 89;28/08/2024
3A;0;BBCH 89;28/08/2024
3A;20;BBCH 89;28/08/2024
3A;0;BBCH 89;28/08/2024
3A;2;BBCH 89;28/08/2024
3A;0;BBCH 89;28/08/2024
3A;0;BBCH 89;28/08/2024
3A;0;BBCH 89;28/08/2024
3A;0;BBCH 89;28/08/2024
3A;10;BBCH 89;28/08/2024
3A;20;BBCH 89;28/08/2024
3A;70;BBCH 89;28/08/2024
3A;30;BBCH 89;28/08/2024
3A;30;BBCH 89;28/08/2024
3A;10;BBCH 89;28/08/2024
3A;0;BBCH 89;28/08/2024
3A;10;BBCH 89;28/08/2024
3A;10;BBCH 89;28/08/2024
3A;20;BBCH 89;28/08/2024
3A;5;BBCH 89;28/08/2024
3A;0;BBCH 89;28/08/2024
3A;30;BBCH 89;28/08/2024
3A;10;BBCH 89;28/08/2024
3A;5;BBCH 89;28/08/2024
3A;0;BBCH 89;28/08/2024
3A;50;BBCH 89;28/08/2024
3A;50;BBCH 89;28/08/2024
3A;5;BBCH 89;28/08/2024
3A;0;BBCH 89;28/08/2024
3A;30;BBCH 89;28/08/2024
3A;20;BBCH 89;28/08/2024
3A;0;BBCH 89;28/08/2024
3A;5;BBCH 89;28/08/2024
3A;30;BBCH 89;28/08/2024
3B;40;BBCH 89;28/08/2024
3B;0;BBCH 89;28/08/2024
3B;30;BBCH 89;28/08/2024
3B;0;BBCH 89;28/08/2024
3B;5;BBCH 89;28/08/2024
3B;0;BBCH 89;28/08/2024
3B;20;BBCH 89;28/08/2024
3B;60;BBCH 89;28/08/2024
3B;20;BBCH 89;28/08/2024
3B;50;BBCH 89;28/08/2024
3B;40;BBCH 89;28/08/2024
3B;20;BBCH 89;28/08/2024
3B;30;BBCH 89;28/08/2024
3B;10;BBCH 89;28/08/2024
3B;30;BBCH 89;28/08/2024
3B;30;BBCH 89;28/08/2024
3B;50;BBCH 89;28/08/2024
3B;40;BBCH 89;28/08/2024
3B;50;BBCH 89;28/08/2024
3B;30;BBCH 89;28/08/2024
3B;100;BBCH 89;28/08/2024
3B;0;BBCH 89;28/08/2024
3B;10;BBCH 89;28/08/2024
3B;5;BBCH 89;28/08/2024
3B;60;BBCH 89;28/08/2024
3B;0;BBCH 89;28/08/2024
3B;50;BBCH 89;28/08/2024
3B;30;BBCH 89;28/08/2024
3B;20;BBCH 89;28/08/2024
3B;50;BBCH 89;28/08/2024
3B;10;BBCH 89;28/08/2024
3B;10;BBCH 89;28/08/2024
3B;0;BBCH 89;28/08/2024
3B;0;BBCH 89;28/08/2024
3B;10;BBCH 89;28/08/2024
3B;20;BBCH 89;28/08/2024
3B;0;BBCH 89;28/08/2024
3B;5;BBCH 89;28/08/2024
3B;10;BBCH 89;28/08/2024
3B;20;BBCH 89;28/08/2024
3B;20;BBCH 89;28/08/2024
3B;10;BBCH 89;28/08/2024
3B;20;BBCH 89;28/08/2024
3B;30;BBCH 89;28/08/2024
3B;5;BBCH 89;28/08/2024
3B;30;BBCH 89;28/08/2024
3B;5;BBCH 89;28/08/2024
3B;0;BBCH 89;28/08/2024
3B;10;BBCH 89;28/08/2024
3B;5;BBCH 89;28/08/2024
3C;0;BBCH 89;28/08/2024
3C;40;BBCH 89;28/08/2024
3C;5;BBCH 89;28/08/2024
3C;10;BBCH 89;28/08/2024
3C;5;BBCH 89;28/08/2024
3C;20;BBCH 89;28/08/2024
3C;0;BBCH 89;28/08/2024
3C;0;BBCH 89;28/08/2024
3C;5;BBCH 89;28/08/2024
3C;5;BBCH 89;28/08/2024
3C;10;BBCH 89;28/08/2024
3C;20;BBCH 89;28/08/2024
3C;10;BBCH 89;28/08/2024
3C;5;BBCH 89;28/08/2024
3C;0;BBCH 89;28/08/2024
3C;5;BBCH 89;28/08/2024
3C;30;BBCH 89;28/08/2024
3C;30;BBCH 89;28/08/2024
3C;10;BBCH 89;28/08/2024
3C;20;BBCH 89;28/08/2024
3C;10;BBCH 89;28/08/2024
3C;0;BBCH 89;28/08/2024
3C;0;BBCH 89;28/08/2024
3C;5;BBCH 89;28/08/2024
3C;0;BBCH 89;28/08/2024
3C;0;BBCH 89;28/08/2024
3C;20;BBCH 89;28/08/2024
3C;30;BBCH 89;28/08/2024
3C;5;BBCH 89;28/08/2024
3C;30;BBCH 89;28/08/2024
3C;5;BBCH 89;28/08/2024
3C;0;BBCH 89;28/08/2024
3C;0;BBCH 89;28/08/2024
3C;0;BBCH 89;28/08/2024
3C;5;BBCH 89;28/08/2024
3C;5;BBCH 89;28/08/2024
3C;0;BBCH 89;28/08/2024
3C;0;BBCH 89;28/08/2024
3C;0;BBCH 89;28/08/2024
3C;0;BBCH 89;28/08/2024
3C;5;BBCH 89;28/08/2024
3C;5;BBCH 89;28/08/2024
3C;5;BBCH 89;28/08/2024
3C;0;BBCH 89;28/08/2024
3C;0;BBCH 89;28/08/2024
3C;0;BBCH 89;28/08/2024
3C;0;BBCH 89;28/08/2024
3C;0;BBCH 89;28/08/2024
3C;0;BBCH 89;28/08/2024
3C;5;BBCH 89;28/08/2024
3D;5;BBCH 89;28/08/2024
3D;5;BBCH 89;28/08/2024
3D;50;BBCH 89;28/08/2024
3D;0;BBCH 89;28/08/2024
3D;0;BBCH 89;28/08/2024
3D;50;BBCH 89;28/08/2024
3D;30;BBCH 89;28/08/2024
3D;5;BBCH 89;28/08/2024
3D;2;BBCH 89;28/08/2024
3D;70;BBCH 89;28/08/2024
3D;2;BBCH 89;28/08/2024
3D;5;BBCH 89;28/08/2024
3D;0;BBCH 89;28/08/2024
3D;0;BBCH 89;28/08/2024
3D;20;BBCH 89;28/08/2024
3D;0;BBCH 89;28/08/2024
3D;50;BBCH 89;28/08/2024
3D;30;BBCH 89;28/08/2024
3D;50;BBCH 89;28/08/2024
3D;20;BBCH 89;28/08/2024
3D;60;BBCH 89;28/08/2024
3D;10;BBCH 89;28/08/2024
3D;30;BBCH 89;28/08/2024
3D;20;BBCH 89;28/08/2024
3D;10;BBCH 89;28/08/2024
3D;50;BBCH 89;28/08/2024
3D;10;BBCH 89;28/08/2024
3D;10;BBCH 89;28/08/2024
3D;100;BBCH 89;28/08/2024
3D;0;BBCH 89;28/08/2024
3D;20;BBCH 89;28/08/2024
3D;20;BBCH 89;28/08/2024
3D;20;BBCH 89;28/08/2024
3D;5;BBCH 89;28/08/2024
3D;30;BBCH 89;28/08/2024
3D;10;BBCH 89;28/08/2024
3D;40;BBCH 89;28/08/2024
3D;20;BBCH 89;28/08/2024
3D;10;BBCH 89;28/08/2024
3D;5;BBCH 89;28/08/2024
3D;20;BBCH 89;28/08/2024
3D;30;BBCH 89;28/08/2024
3D;30;BBCH 89;28/08/2024
3D;20;BBCH 89;28/08/2024
3D;0;BBCH 89;28/08/2024
3D;0;BBCH 89;28/08/2024
3D;0;BBCH 89;28/08/2024
3D;5;BBCH 89;28/08/2024
3D;0;BBCH 89;28/08/2024
3D;20;BBCH 89;28/08/2024
4A;20;BBCH 89;28/08/2024
4A;20;BBCH 89;28/08/2024
4A;50;BBCH 89;28/08/2024
4A;20;BBCH 89;28/08/2024
4A;5;BBCH 89;28/08/2024
4A;10;BBCH 89;28/08/2024
4A;5;BBCH 89;28/08/2024
4A;0;BBCH 89;28/08/2024
4A;30;BBCH 89;28/08/2024
4A;10;BBCH 89;28/08/2024
4A;40;BBCH 89;28/08/2024
4A;20;BBCH 89;28/08/2024
4A;0;BBCH 89;28/08/2024
4A;100;BBCH 89;28/08/2024
4A;0;BBCH 89;28/08/2024
4A;5;BBCH 89;28/08/2024
4A;0;BBCH 89;28/08/2024
4A;10;BBCH 89;28/08/2024
4A;20;BBCH 89;28/08/2024
4A;5;BBCH 89;28/08/2024
4A;50;BBCH 89;28/08/2024
4A;5;BBCH 89;28/08/2024
4A;40;BBCH 89;28/08/2024
4A;40;BBCH 89;28/08/2024
4A;5;BBCH 89;28/08/2024
4A;60;BBCH 89;28/08/2024
4A;10;BBCH 89;28/08/2024
4A;20;BBCH 89;28/08/2024
4A;80;BBCH 89;28/08/2024
4A;5;BBCH 89;28/08/2024
4A;0;BBCH 89;28/08/2024
4A;0;BBCH 89;28/08/2024
4A;5;BBCH 89;28/08/2024
4A;0;BBCH 89;28/08/2024
4A;20;BBCH 89;28/08/2024
4A;5;BBCH 89;28/08/2024
4A;0;BBCH 89;28/08/2024
4A;0;BBCH 89;28/08/2024
4A;0;BBCH 89;28/08/2024
4A;5;BBCH 89;28/08/2024
4A;20;BBCH 89;28/08/2024
4A;50;BBCH 89;28/08/2024
4A;0;BBCH 89;28/08/2024
4A;80;BBCH 89;28/08/2024
4A;30;BBCH 89;28/08/2024
4A;70;BBCH 89;28/08/2024
4A;20;BBCH 89;28/08/2024
4A;30;BBCH 89;28/08/2024
4A;40;BBCH 89;28/08/2024
4A;30;BBCH 89;28/08/2024
4B;0;BBCH 89;28/08/2024
4B;30;BBCH 89;28/08/2024
4B;10;BBCH 89;28/08/2024
4B;0;BBCH 89;28/08/2024
4B;10;BBCH 89;28/08/2024
4B;70;BBCH 89;28/08/2024
4B;20;BBCH 89;28/08/2024
4B;50;BBCH 89;28/08/2024
4B;5;BBCH 89;28/08/2024
4B;20;BBCH 89;28/08/2024
4B;100;BBCH 89;28/08/2024
4B;20;BBCH 89;28/08/2024
4B;50;BBCH 89;28/08/2024
4B;10;BBCH 89;28/08/2024
4B;50;BBCH 89;28/08/2024
4B;90;BBCH 89;28/08/2024
4B;20;BBCH 89;28/08/2024
4B;5;BBCH 89;28/08/2024
4B;40;BBCH 89;28/08/2024
4B;0;BBCH 89;28/08/2024
4B;100;BBCH 89;28/08/2024
4B;60;BBCH 89;28/08/2024
4B;50;BBCH 89;28/08/2024
4B;50;BBCH 89;28/08/2024
4B;80;BBCH 89;28/08/2024
4B;30;BBCH 89;28/08/2024
4B;80;BBCH 89;28/08/2024
4B;20;BBCH 89;28/08/2024
4B;20;BBCH 89;28/08/2024
4B;10;BBCH 89;28/08/2024
4B;5;BBCH 89;28/08/2024
4B;10;BBCH 89;28/08/2024
4B;50;BBCH 89;28/08/2024
4B;20;BBCH 89;28/08/2024
4B;20;BBCH 89;28/08/2024
4B;5;BBCH 89;28/08/2024
4B;20;BBCH 89;28/08/2024
4B;10;BBCH 89;28/08/2024
4B;100;BBCH 89;28/08/2024
4B;5;BBCH 89;28/08/2024
4B;50;BBCH 89;28/08/2024
4B;20;BBCH 89;28/08/2024
4B;70;BBCH 89;28/08/2024
4B;90;BBCH 89;28/08/2024
4B;50;BBCH 89;28/08/2024
4B;100;BBCH 89;28/08/2024
4B;20;BBCH 89;28/08/2024
4B;50;BBCH 89;28/08/2024
4B;20;BBCH 89;28/08/2024
4B;5;BBCH 89;28/08/2024
4C;50;BBCH 89;28/08/2024
4C;40;BBCH 89;28/08/2024
4C;0;BBCH 89;28/08/2024
4C;5;BBCH 89;28/08/2024
4C;20;BBCH 89;28/08/2024
4C;30;BBCH 89;28/08/2024
4C;10;BBCH 89;28/08/2024
4C;20;BBCH 89;28/08/2024
4C;0;BBCH 89;28/08/2024
4C;5;BBCH 89;28/08/2024
4C;0;BBCH 89;28/08/2024
4C;5;BBCH 89;28/08/2024
4C;30;BBCH 89;28/08/2024
4C;10;BBCH 89;28/08/2024
4C;50;BBCH 89;28/08/2024
4C;0;BBCH 89;28/08/2024
4C;0;BBCH 89;28/08/2024
4C;40;BBCH 89;28/08/2024
4C;50;BBCH 89;28/08/2024
4C;5;BBCH 89;28/08/2024
4C;20;BBCH 89;28/08/2024
4C;0;BBCH 89;28/08/2024
4C;5;BBCH 89;28/08/2024
4C;10;BBCH 89;28/08/2024
4C;0;BBCH 89;28/08/2024
4C;100;BBCH 89;28/08/2024
4C;40;BBCH 89;28/08/2024
4C;0;BBCH 89;28/08/2024
4C;0;BBCH 89;28/08/2024
4C;5;BBCH 89;28/08/2024
4C;20;BBCH 89;28/08/2024
4C;0;BBCH 89;28/08/2024
4C;5;BBCH 89;28/08/2024
4C;0;BBCH 89;28/08/2024
4C;5;BBCH 89;28/08/2024
4C;50;BBCH 89;28/08/2024
4C;50;BBCH 89;28/08/2024
4C;10;BBCH 89;28/08/2024
4C;20;BBCH 89;28/08/2024
4C;10;BBCH 89;28/08/2024
4C;30;BBCH 89;28/08/2024
4C;0;BBCH 89;28/08/2024
4C;5;BBCH 89;28/08/2024
4C;0;BBCH 89;28/08/2024
4C;10;BBCH 89;28/08/2024
4C;5;BBCH 89;28/08/2024
4C;2;BBCH 89;28/08/2024
4C;0;BBCH 89;28/08/2024
4C;5;BBCH 89;28/08/2024
4C;20;BBCH 89;28/08/2024
4D;100;BBCH 89;28/08/2024
4D;0;BBCH 89;28/08/2024
4D;10;BBCH 89;28/08/2024
4D;20;BBCH 89;28/08/2024
4D;0;BBCH 89;28/08/2024
4D;0;BBCH 89;28/08/2024
4D;90;BBCH 89;28/08/2024
4D;5;BBCH 89;28/08/2024
4D;2;BBCH 89;28/08/2024
4D;50;BBCH 89;28/08/2024
4D;2;BBCH 89;28/08/2024
4D;5;BBCH 89;28/08/2024
4D;0;BBCH 89;28/08/2024
4D;5;BBCH 89;28/08/2024
4D;50;BBCH 89;28/08/2024
4D;5;BBCH 89;28/08/2024
4D;20;BBCH 89;28/08/2024
4D;0;BBCH 89;28/08/2024
4D;30;BBCH 89;28/08/2024
4D;20;BBCH 89;28/08/2024
4D;40;BBCH 89;28/08/2024
4D;10;BBCH 89;28/08/2024
4D;20;BBCH 89;28/08/2024
4D;10;BBCH 89;28/08/2024
4D;20;BBCH 89;28/08/2024
4D;0;BBCH 89;28/08/2024
4D;60;BBCH 89;28/08/2024
4D;5;BBCH 89;28/08/2024
4D;0;BBCH 89;28/08/2024
4D;5;BBCH 89;28/08/2024
4D;0;BBCH 89;28/08/2024
4D;0;BBCH 89;28/08/2024
4D;10;BBCH 89;28/08/2024
4D;100;BBCH 89;28/08/2024
4D;10;BBCH 89;28/08/2024
4D;0;BBCH 89;28/08/2024
4D;0;BBCH 89;28/08/2024
4D;0;BBCH 89;28/08/2024
4D;10;BBCH 89;28/08/2024
4D;10;BBCH 89;28/08/2024
4D;50;BBCH 89;28/08/2024
4D;5;BBCH 89;28/08/2024
4D;5;BBCH 89;28/08/2024
4D;10;BBCH 89;28/08/2024
4D;0;BBCH 89;28/08/2024
4D;2;BBCH 89;28/08/2024
4D;0;BBCH 89;28/08/2024
4D;10;BBCH 89;28/08/2024
4D;5;BBCH 89;28/08/2024
4D;5;BBCH 89;28/08/2024
5A;0;BBCH 89;28/08/2024
5A;50;BBCH 89;28/08/2024
5A;10;BBCH 89;28/08/2024
5A;10;BBCH 89;28/08/2024
5A;20;BBCH 89;28/08/2024
5A;40;BBCH 89;28/08/2024
5A;20;BBCH 89;28/08/2024
5A;50;BBCH 89;28/08/2024
5A;10;BBCH 89;28/08/2024
5A;0;BBCH 89;28/08/2024
5A;50;BBCH 89;28/08/2024
5A;30;BBCH 89;28/08/2024
5A;30;BBCH 89;28/08/2024
5A;20;BBCH 89;28/08/2024
5A;0;BBCH 89;28/08/2024
5A;30;BBCH 89;28/08/2024
5A;40;BBCH 89;28/08/2024
5A;100;BBCH 89;28/08/2024
5A;5;BBCH 89;28/08/2024
5A;10;BBCH 89;28/08/2024
5A;10;BBCH 89;28/08/2024
5A;100;BBCH 89;28/08/2024
5A;10;BBCH 89;28/08/2024
5A;0;BBCH 89;28/08/2024
5A;0;BBCH 89;28/08/2024
5A;0;BBCH 89;28/08/2024
5A;0;BBCH 89;28/08/2024
5A;5;BBCH 89;28/08/2024
5A;0;BBCH 89;28/08/2024
5A;0;BBCH 89;28/08/2024
5A;40;BBCH 89;28/08/2024
5A;0;BBCH 89;28/08/2024
5A;50;BBCH 89;28/08/2024
5A;20;BBCH 89;28/08/2024
5A;50;BBCH 89;28/08/2024
5A;10;BBCH 89;28/08/2024
5A;30;BBCH 89;28/08/2024
5A;40;BBCH 89;28/08/2024
5A;60;BBCH 89;28/08/2024
5A;20;BBCH 89;28/08/2024
5A;0;BBCH 89;28/08/2024
5A;0;BBCH 89;28/08/2024
5A;0;BBCH 89;28/08/2024
5A;5;BBCH 89;28/08/2024
5A;0;BBCH 89;28/08/2024
5A;10;BBCH 89;28/08/2024
5A;0;BBCH 89;28/08/2024
5A;5;BBCH 89;28/08/2024
5A;10;BBCH 89;28/08/2024
5A;10;BBCH 89;28/08/2024
5B;90;BBCH 89;28/08/2024
5B;0;BBCH 89;28/08/2024
5B;5;BBCH 89;28/08/2024
5B;0;BBCH 89;28/08/2024
5B;2;BBCH 89;28/08/2024
5B;10;BBCH 89;28/08/2024
5B;20;BBCH 89;28/08/2024
5B;100;BBCH 89;28/08/2024
5B;100;BBCH 89;28/08/2024
5B;5;BBCH 89;28/08/2024
5B;30;BBCH 89;28/08/2024
5B;2;BBCH 89;28/08/2024
5B;0;BBCH 89;28/08/2024
5B;40;BBCH 89;28/08/2024
5B;50;BBCH 89;28/08/2024
5B;40;BBCH 89;28/08/2024
5B;20;BBCH 89;28/08/2024
5B;20;BBCH 89;28/08/2024
5B;0;BBCH 89;28/08/2024
5B;30;BBCH 89;28/08/2024
5B;10;BBCH 89;28/08/2024
5B;20;BBCH 89;28/08/2024
5B;0;BBCH 89;28/08/2024
5B;20;BBCH 89;28/08/2024
5B;10;BBCH 89;28/08/2024
5B;0;BBCH 89;28/08/2024
5B;0;BBCH 89;28/08/2024
5B;20;BBCH 89;28/08/2024
5B;5;BBCH 89;28/08/2024
5B;0;BBCH 89;28/08/2024
5B;5;BBCH 89;28/08/2024
5B;0;BBCH 89;28/08/2024
5B;70;BBCH 89;28/08/2024
5B;0;BBCH 89;28/08/2024
5B;50;BBCH 89;28/08/2024
5B;30;BBCH 89;28/08/2024
5B;20;BBCH 89;28/08/2024
5B;10;BBCH 89;28/08/2024
5B;70;BBCH 89;28/08/2024
5B;100;BBCH 89;28/08/2024
5B;70;BBCH 89;28/08/2024
5B;40;BBCH 89;28/08/2024
5B;5;BBCH 89;28/08/2024
5B;100;BBCH 89;28/08/2024
5B;50;BBCH 89;28/08/2024
5B;70;BBCH 89;28/08/2024
5B;0;BBCH 89;28/08/2024
5B;90;BBCH 89;28/08/2024
5B;0;BBCH 89;28/08/2024
5B;0;BBCH 89;28/08/2024
5C;50;BBCH 89;28/08/2024
5C;20;BBCH 89;28/08/2024
5C;60;BBCH 89;28/08/2024
5C;30;BBCH 89;28/08/2024
5C;0;BBCH 89;28/08/2024
5C;10;BBCH 89;28/08/2024
5C;0;BBCH 89;28/08/2024
5C;10;BBCH 89;28/08/2024
5C;0;BBCH 89;28/08/2024
5C;30;BBCH 89;28/08/2024
5C;20;BBCH 89;28/08/2024
5C;0;BBCH 89;28/08/2024
5C;0;BBCH 89;28/08/2024
5C;0;BBCH 89;28/08/2024
5C;0;BBCH 89;28/08/2024
5C;0;BBCH 89;28/08/2024
5C;0;BBCH 89;28/08/2024
5C;0;BBCH 89;28/08/2024
5C;50;BBCH 89;28/08/2024
5C;5;BBCH 89;28/08/2024
5C;30;BBCH 89;28/08/2024
5C;30;BBCH 89;28/08/2024
5C;50;BBCH 89;28/08/2024
5C;0;BBCH 89;28/08/2024
5C;20;BBCH 89;28/08/2024
5C;20;BBCH 89;28/08/2024
5C;10;BBCH 89;28/08/2024
5C;0;BBCH 89;28/08/2024
5C;20;BBCH 89;28/08/2024
5C;0;BBCH 89;28/08/2024
5C;0;BBCH 89;28/08/2024
5C;10;BBCH 89;28/08/2024
5C;50;BBCH 89;28/08/2024
5C;10;BBCH 89;28/08/2024
5C;30;BBCH 89;28/08/2024
5C;20;BBCH 89;28/08/2024
5C;30;BBCH 89;28/08/2024
5C;0;BBCH 89;28/08/2024
5C;0;BBCH 89;28/08/2024
5C;10;BBCH 89;28/08/2024
5C;0;BBCH 89;28/08/2024
5C;0;BBCH 89;28/08/2024
5C;0;BBCH 89;28/08/2024
5C;5;BBCH 89;28/08/2024
5C;30;BBCH 89;28/08/2024
5C;5;BBCH 89;28/08/2024
5C;0;BBCH 89;28/08/2024
5C;10;BBCH 89;28/08/2024
5C;10;BBCH 89;28/08/2024
5C;5;BBCH 89;28/08/2024
5D;10;BBCH 89;28/08/2024
5D;0;BBCH 89;28/08/2024
5D;20;BBCH 89;28/08/2024
5D;30;BBCH 89;28/08/2024
5D;0;BBCH 89;28/08/2024
5D;40;BBCH 89;28/08/2024
5D;20;BBCH 89;28/08/2024
5D;0;BBCH 89;28/08/2024
5D;0;BBCH 89;28/08/2024
5D;0;BBCH 89;28/08/2024
5D;10;BBCH 89;28/08/2024
5D;5;BBCH 89;28/08/2024
5D;2;BBCH 89;28/08/2024
5D;0;BBCH 89;28/08/2024
5D;0;BBCH 89;28/08/2024
5D;5;BBCH 89;28/08/2024
5D;10;BBCH 89;28/08/2024
5D;0;BBCH 89;28/08/2024
5D;0;BBCH 89;28/08/2024
5D;20;BBCH 89;28/08/2024
5D;90;BBCH 89;28/08/2024
5D;20;BBCH 89;28/08/2024
5D;5;BBCH 89;28/08/2024
5D;90;BBCH 89;28/08/2024
5D;0;BBCH 89;28/08/2024
5D;50;BBCH 89;28/08/2024
5D;20;BBCH 89;28/08/2024
5D;30;BBCH 89;28/08/2024
5D;40;BBCH 89;28/08/2024
5D;20;BBCH 89;28/08/2024
5D;30;BBCH 89;28/08/2024
5D;0;BBCH 89;28/08/2024
5D;50;BBCH 89;28/08/2024
5D;50;BBCH 89;28/08/2024
5D;10;BBCH 89;28/08/2024
5D;0;BBCH 89;28/08/2024
5D;0;BBCH 89;28/08/2024
5D;0;BBCH 89;28/08/2024
5D;0;BBCH 89;28/08/2024
5D;5;BBCH 89;28/08/2024
5D;20;BBCH 89;28/08/2024
5D;30;BBCH 89;28/08/2024
5D;30;BBCH 89;28/08/2024
5D;5;BBCH 89;28/08/2024
5D;10;BBCH 89;28/08/2024
5D;2;BBCH 89;28/08/2024
5D;0;BBCH 89;28/08/2024
5D;0;BBCH 89;28/08/2024
5D;10;BBCH 89;28/08/2024
5D;5;BBCH 89;28/08/2024
6A;80;BBCH 89;28/08/2024
6A;80;BBCH 89;28/08/2024
6A;50;BBCH 89;28/08/2024
6A;40;BBCH 89;28/08/2024
6A;0;BBCH 89;28/08/2024
6A;50;BBCH 89;28/08/2024
6A;2;BBCH 89;28/08/2024
6A;0;BBCH 89;28/08/2024
6A;80;BBCH 89;28/08/2024
6A;30;BBCH 89;28/08/2024
6A;5;BBCH 89;28/08/2024
6A;10;BBCH 89;28/08/2024
6A;50;BBCH 89;28/08/2024
6A;50;BBCH 89;28/08/2024
6A;20;BBCH 89;28/08/2024
6A;30;BBCH 89;28/08/2024
6A;70;BBCH 89;28/08/2024
6A;0;BBCH 89;28/08/2024
6A;10;BBCH 89;28/08/2024
6A;0;BBCH 89;28/08/2024
6A;0;BBCH 89;28/08/2024
6A;0;BBCH 89;28/08/2024
6A;5;BBCH 89;28/08/2024
6A;0;BBCH 89;28/08/2024
6A;0;BBCH 89;28/08/2024
6A;10;BBCH 89;28/08/2024
6A;30;BBCH 89;28/08/2024
6A;5;BBCH 89;28/08/2024
6A;20;BBCH 89;28/08/2024
6A;30;BBCH 89;28/08/2024
6A;20;BBCH 89;28/08/2024
6A;5;BBCH 89;28/08/2024
6A;10;BBCH 89;28/08/2024
6A;0;BBCH 89;28/08/2024
6A;20;BBCH 89;28/08/2024
6A;5;BBCH 89;28/08/2024
6A;20;BBCH 89;28/08/2024
6A;20;BBCH 89;28/08/2024
6A;0;BBCH 89;28/08/2024
6A;0;BBCH 89;28/08/2024
6A;80;BBCH 89;28/08/2024
6A;50;BBCH 89;28/08/2024
6A;10;BBCH 89;28/08/2024
6A;0;BBCH 89;28/08/2024
6A;0;BBCH 89;28/08/2024
6A;5;BBCH 89;28/08/2024
6A;10;BBCH 89;28/08/2024
6A;10;BBCH 89;28/08/2024
6A;0;BBCH 89;28/08/2024
6A;10;BBCH 89;28/08/2024
6B;5;BBCH 89;28/08/2024
6B;20;BBCH 89;28/08/2024
6B;10;BBCH 89;28/08/2024
6B;0;BBCH 89;28/08/2024
6B;80;BBCH 89;28/08/2024
6B;0;BBCH 89;28/08/2024
6B;5;BBCH 89;28/08/2024
6B;5;BBCH 89;28/08/2024
6B;2;BBCH 89;28/08/2024
6B;0;BBCH 89;28/08/2024
6B;80;BBCH 89;28/08/2024
6B;5;BBCH 89;28/08/2024
6B;10;BBCH 89;28/08/2024
6B;50;BBCH 89;28/08/2024
6B;65;BBCH 89;28/08/2024
6B;40;BBCH 89;28/08/2024
6B;50;BBCH 89;28/08/2024
6B;80;BBCH 89;28/08/2024
6B;10;BBCH 89;28/08/2024
6B;20;BBCH 89;28/08/2024
6B;40;BBCH 89;28/08/2024
6B;10;BBCH 89;28/08/2024
6B;50;BBCH 89;28/08/2024
6B;0;BBCH 89;28/08/2024
6B;20;BBCH 89;28/08/2024
6B;50;BBCH 89;28/08/2024
6B;0;BBCH 89;28/08/2024
6B;70;BBCH 89;28/08/2024
6B;40;BBCH 89;28/08/2024
6B;20;BBCH 89;28/08/2024
6B;20;BBCH 89;28/08/2024
6B;0;BBCH 89;28/08/2024
6B;10;BBCH 89;28/08/2024
6B;0;BBCH 89;28/08/2024
6B;5;BBCH 89;28/08/2024
6B;10;BBCH 89;28/08/2024
6B;5;BBCH 89;28/08/2024
6B;30;BBCH 89;28/08/2024
6B;2;BBCH 89;28/08/2024
6B;5;BBCH 89;28/08/2024
6B;20;BBCH 89;28/08/2024
6B;5;BBCH 89;28/08/2024
6B;20;BBCH 89;28/08/2024
6B;10;BBCH 89;28/08/2024
6B;10;BBCH 89;28/08/2024
6B;20;BBCH 89;28/08/2024
6B;30;BBCH 89;28/08/2024
6B;80;BBCH 89;28/08/2024
6B;20;BBCH 89;28/08/2024
6B;80;BBCH 89;28/08/2024
6C;0;BBCH 89;28/08/2024
6C;10;BBCH 89;28/08/2024
6C;10;BBCH 89;28/08/2024
6C;20;BBCH 89;28/08/2024
6C;0;BBCH 89;28/08/2024
6C;20;BBCH 89;28/08/2024
6C;30;BBCH 89;28/08/2024
6C;5;BBCH 89;28/08/2024
6C;0;BBCH 89;28/08/2024
6C;5;BBCH 89;28/08/2024
6C;0;BBCH 89;28/08/2024
6C;20;BBCH 89;28/08/2024
6C;0;BBCH 89;28/08/2024
6C;30;BBCH 89;28/08/2024
6C;5;BBCH 89;28/08/2024
6C;30;BBCH 89;28/08/2024
6C;10;BBCH 89;28/08/2024
6C;20;BBCH 89;28/08/2024
6C;30;BBCH 89;28/08/2024
6C;20;BBCH 89;28/08/2024
6C;40;BBCH 89;28/08/2024
6C;60;BBCH 89;28/08/2024
6C;10;BBCH 89;28/08/2024
6C;60;BBCH 89;28/08/2024
6C;90;BBCH 89;28/08/2024
6C;30;BBCH 89;28/08/2024
6C;30;BBCH 89;28/08/2024
6C;20;BBCH 89;28/08/2024
6C;5;BBCH 89;28/08/2024
6C;5;BBCH 89;28/08/2024
6C;5;BBCH 89;28/08/2024
6C;10;BBCH 89;28/08/2024
6C;5;BBCH 89;28/08/2024
6C;5;BBCH 89;28/08/2024
6C;0;BBCH 89;28/08/2024
6C;5;BBCH 89;28/08/2024
6C;0;BBCH 89;28/08/2024
6C;0;BBCH 89;28/08/2024
6C;30;BBCH 89;28/08/2024
6C;0;BBCH 89;28/08/2024
6C;20;BBCH 89;28/08/2024
6C;30;BBCH 89;28/08/2024
6C;40;BBCH 89;28/08/2024
6C;0;BBCH 89;28/08/2024
6C;0;BBCH 89;28/08/2024
6C;20;BBCH 89;28/08/2024
6C;30;BBCH 89;28/08/2024
6C;30;BBCH 89;28/08/2024
6C;40;BBCH 89;28/08/2024
6C;20;BBCH 89;28/08/2024
6D;100;BBCH 89;28/08/2024
6D;0;BBCH 89;28/08/2024
6D;0;BBCH 89;28/08/2024
6D;40;BBCH 89;28/08/2024
6D;50;BBCH 89;28/08/2024
6D;30;BBCH 89;28/08/2024
6D;5;BBCH 89;28/08/2024
6D;30;BBCH 89;28/08/2024
6D;10;BBCH 89;28/08/2024
6D;40;BBCH 89;28/08/2024
6D;5;BBCH 89;28/08/2024
6D;0;BBCH 89;28/08/2024
6D;0;BBCH 89;28/08/2024
6D;0;BBCH 89;28/08/2024
6D;10;BBCH 89;28/08/2024
6D;0;BBCH 89;28/08/2024
6D;20;BBCH 89;28/08/2024
6D;0;BBCH 89;28/08/2024
6D;20;BBCH 89;28/08/2024
6D;0;BBCH 89;28/08/2024
6D;20;BBCH 89;28/08/2024
6D;100;BBCH 89;28/08/2024
6D;80;BBCH 89;28/08/2024
6D;10;BBCH 89;28/08/2024
6D;60;BBCH 89;28/08/2024
6D;20;BBCH 89;28/08/2024
6D;5;BBCH 89;28/08/2024
6D;20;BBCH 89;28/08/2024
6D;5;BBCH 89;28/08/2024
6D;0;BBCH 89;28/08/2024
6D;90;BBCH 89;28/08/2024
6D;20;BBCH 89;28/08/2024
6D;50;BBCH 89;28/08/2024
6D;0;BBCH 89;28/08/2024
6D;20;BBCH 89;28/08/2024
6D;0;BBCH 89;28/08/2024
6D;30;BBCH 89;28/08/2024
6D;10;BBCH 89;28/08/2024
6D;10;BBCH 89;28/08/2024
6D;50;BBCH 89;28/08/2024
6D;100;BBCH 89;28/08/2024
6D;0;BBCH 89;28/08/2024
6D;30;BBCH 89;28/08/2024
6D;30;BBCH 89;28/08/2024
6D;50;BBCH 89;28/08/2024
6D;0;BBCH 89;28/08/2024
6D;40;BBCH 89;28/08/2024
6D;0;BBCH 89;28/08/2024
6D;5;BBCH 89;28/08/2024
6D;0;BBCH 89;28/08/2024
7A;80;BBCH 89;28/08/2024
7A;40;BBCH 89;28/08/2024
7A;0;BBCH 89;28/08/2024
7A;50;BBCH 89;28/08/2024
7A;0;BBCH 89;28/08/2024
7A;100;BBCH 89;28/08/2024
7A;50;BBCH 89;28/08/2024
7A;50;BBCH 89;28/08/2024
7A;50;BBCH 89;28/08/2024
7A;10;BBCH 89;28/08/2024
7A;30;BBCH 89;28/08/2024
7A;10;BBCH 89;28/08/2024
7A;20;BBCH 89;28/08/2024
7A;30;BBCH 89;28/08/2024
7A;100;BBCH 89;28/08/2024
7A;30;BBCH 89;28/08/2024
7A;90;BBCH 89;28/08/2024
7A;50;BBCH 89;28/08/2024
7A;0;BBCH 89;28/08/2024
7A;5;BBCH 89;28/08/2024
7A;50;BBCH 89;28/08/2024
7A;5;BBCH 89;28/08/2024
7A;20;BBCH 89;28/08/2024
7A;100;BBCH 89;28/08/2024
7A;50;BBCH 89;28/08/2024
7A;5;BBCH 89;28/08/2024
7A;2;BBCH 89;28/08/2024
7A;50;BBCH 89;28/08/2024
7A;40;BBCH 89;28/08/2024
7A;80;BBCH 89;28/08/2024
7A;0;BBCH 89;28/08/2024
7A;5;BBCH 89;28/08/2024
7A;30;BBCH 89;28/08/2024
7A;20;BBCH 89;28/08/2024
7A;0;BBCH 89;28/08/2024
7A;0;BBCH 89;28/08/2024
7A;5;BBCH 89;28/08/2024
7A;10;BBCH 89;28/08/2024
7A;0;BBCH 89;28/08/2024
7A;30;BBCH 89;28/08/2024
7A;20;BBCH 89;28/08/2024
7A;0;BBCH 89;28/08/2024
7A;10;BBCH 89;28/08/2024
7A;20;BBCH 89;28/08/2024
7A;90;BBCH 89;28/08/2024
7A;40;BBCH 89;28/08/2024
7A;10;BBCH 89;28/08/2024
7A;0;BBCH 89;28/08/2024
7A;30;BBCH 89;28/08/2024
7A;30;BBCH 89;28/08/2024
7B;70;BBCH 89;28/08/2024
7B;5;BBCH 89;28/08/2024
7B;20;BBCH 89;28/08/2024
7B;60;BBCH 89;28/08/2024
7B;10;BBCH 89;28/08/2024
7B;0;BBCH 89;28/08/2024
7B;5;BBCH 89;28/08/2024
7B;5;BBCH 89;28/08/2024
7B;20;BBCH 89;28/08/2024
7B;40;BBCH 89;28/08/2024
7B;5;BBCH 89;28/08/2024
7B;0;BBCH 89;28/08/2024
7B;30;BBCH 89;28/08/2024
7B;100;BBCH 89;28/08/2024
7B;60;BBCH 89;28/08/2024
7B;80;BBCH 89;28/08/2024
7B;100;BBCH 89;28/08/2024
7B;100;BBCH 89;28/08/2024
7B;40;BBCH 89;28/08/2024
7B;100;BBCH 89;28/08/2024
7B;100;BBCH 89;28/08/2024
7B;100;BBCH 89;28/08/2024
7B;50;BBCH 89;28/08/2024
7B;90;BBCH 89;28/08/2024
7B;90;BBCH 89;28/08/2024
7B;100;BBCH 89;28/08/2024
7B;100;BBCH 89;28/08/2024
7B;100;BBCH 89;28/08/2024
7B;40;BBCH 89;28/08/2024
7B;20;BBCH 89;28/08/2024
7B;60;BBCH 89;28/08/2024
7B;20;BBCH 89;28/08/2024
7B;30;BBCH 89;28/08/2024
7B;10;BBCH 89;28/08/2024
7B;80;BBCH 89;28/08/2024
7B;80;BBCH 89;28/08/2024
7B;70;BBCH 89;28/08/2024
7B;10;BBCH 89;28/08/2024
7B;20;BBCH 89;28/08/2024
7B;80;BBCH 89;28/08/2024
7B;5;BBCH 89;28/08/2024
7B;50;BBCH 89;28/08/2024
7B;50;BBCH 89;28/08/2024
7B;0;BBCH 89;28/08/2024
7B;10;BBCH 89;28/08/2024
7B;50;BBCH 89;28/08/2024
7B;5;BBCH 89;28/08/2024
7B;10;BBCH 89;28/08/2024
7B;5;BBCH 89;28/08/2024
7B;20;BBCH 89;28/08/2024
7C;5;BBCH 89;28/08/2024
7C;10;BBCH 89;28/08/2024
7C;10;BBCH 89;28/08/2024
7C;10;BBCH 89;28/08/2024
7C;0;BBCH 89;28/08/2024
7C;50;BBCH 89;28/08/2024
7C;40;BBCH 89;28/08/2024
7C;10;BBCH 89;28/08/2024
7C;0;BBCH 89;28/08/2024
7C;20;BBCH 89;28/08/2024
7C;0;BBCH 89;28/08/2024
7C;5;BBCH 89;28/08/2024
7C;5;BBCH 89;28/08/2024
7C;20;BBCH 89;28/08/2024
7C;5;BBCH 89;28/08/2024
7C;5;BBCH 89;28/08/2024
7C;10;BBCH 89;28/08/2024
7C;30;BBCH 89;28/08/2024
7C;40;BBCH 89;28/08/2024
7C;0;BBCH 89;28/08/2024
7C;20;BBCH 89;28/08/2024
7C;10;BBCH 89;28/08/2024
7C;0;BBCH 89;28/08/2024
7C;20;BBCH 89;28/08/2024
7C;0;BBCH 89;28/08/2024
7C;0;BBCH 89;28/08/2024
7C;10;BBCH 89;28/08/2024
7C;50;BBCH 89;28/08/2024
7C;0;BBCH 89;28/08/2024
7C;70;BBCH 89;28/08/2024
7C;30;BBCH 89;28/08/2024
7C;50;BBCH 89;28/08/2024
7C;0;BBCH 89;28/08/2024
7C;50;BBCH 89;28/08/2024
7C;0;BBCH 89;28/08/2024
7C;30;BBCH 89;28/08/2024
7C;40;BBCH 89;28/08/2024
7C;0;BBCH 89;28/08/2024
7C;5;BBCH 89;28/08/2024
7C;10;BBCH 89;28/08/2024
7C;10;BBCH 89;28/08/2024
7C;5;BBCH 89;28/08/2024
7C;50;BBCH 89;28/08/2024
7C;5;BBCH 89;28/08/2024
7C;10;BBCH 89;28/08/2024
7C;0;BBCH 89;28/08/2024
7C;0;BBCH 89;28/08/2024
7C;0;BBCH 89;28/08/2024
7C;20;BBCH 89;28/08/2024
7C;5;BBCH 89;28/08/2024
7D;40;BBCH 89;28/08/2024
7D;20;BBCH 89;28/08/2024
7D;5;BBCH 89;28/08/2024
7D;90;BBCH 89;28/08/2024
7D;5;BBCH 89;28/08/2024
7D;30;BBCH 89;28/08/2024
7D;20;BBCH 89;28/08/2024
7D;40;BBCH 89;28/08/2024
7D;20;BBCH 89;28/08/2024
7D;80;BBCH 89;28/08/2024
7D;50;BBCH 89;28/08/2024
7D;20;BBCH 89;28/08/2024
7D;0;BBCH 89;28/08/2024
7D;10;BBCH 89;28/08/2024
7D;5;BBCH 89;28/08/2024
7D;50;BBCH 89;28/08/2024
7D;20;BBCH 89;28/08/2024
7D;30;BBCH 89;28/08/2024
7D;10;BBCH 89;28/08/2024
7D;10;BBCH 89;28/08/2024
7D;50;BBCH 89;28/08/2024
7D;30;BBCH 89;28/08/2024
7D;20;BBCH 89;28/08/2024
7D;30;BBCH 89;28/08/2024
7D;0;BBCH 89;28/08/2024
7D;30;BBCH 89;28/08/2024
7D;0;BBCH 89;28/08/2024
7D;30;BBCH 89;28/08/2024
7D;70;BBCH 89;28/08/2024
7D;50;BBCH 89;28/08/2024
7D;20;BBCH 89;28/08/2024
7D;60;BBCH 89;28/08/2024
7D;5;BBCH 89;28/08/2024
7D;0;BBCH 89;28/08/2024
7D;5;BBCH 89;28/08/2024
7D;0;BBCH 89;28/08/2024
7D;0;BBCH 89;28/08/2024
7D;5;BBCH 89;28/08/2024
7D;0;BBCH 89;28/08/2024
7D;0;BBCH 89;28/08/2024
7D;0;BBCH 89;28/08/2024
7D;50;BBCH 89;28/08/2024
7D;0;BBCH 89;28/08/2024
7D;50;BBCH 89;28/08/2024
7D;30;BBCH 89;28/08/2024
7D;20;BBCH 89;28/08/2024
7D;5;BBCH 89;28/08/2024
7D;5;BBCH 89;28/08/2024
7D;0;BBCH 89;28/08/2024
7D;10;BBCH 89;28/08/2024
8A;0;BBCH 89;28/08/2024
8A;0;BBCH 89;28/08/2024
8A;50;BBCH 89;28/08/2024
8A;0;BBCH 89;28/08/2024
8A;50;BBCH 89;28/08/2024
8A;0;BBCH 89;28/08/2024
8A;10;BBCH 89;28/08/2024
8A;2;BBCH 89;28/08/2024
8A;2;BBCH 89;28/08/2024
8A;50;BBCH 89;28/08/2024
8A;0;BBCH 89;28/08/2024
8A;0;BBCH 89;28/08/2024
8A;0;BBCH 89;28/08/2024
8A;30;BBCH 89;28/08/2024
8A;10;BBCH 89;28/08/2024
8A;10;BBCH 89;28/08/2024
8A;0;BBCH 89;28/08/2024
8A;20;BBCH 89;28/08/2024
8A;0;BBCH 89;28/08/2024
8A;30;BBCH 89;28/08/2024
8A;0;BBCH 89;28/08/2024
8A;40;BBCH 89;28/08/2024
8A;0;BBCH 89;28/08/2024
8A;0;BBCH 89;28/08/2024
8A;0;BBCH 89;28/08/2024
8A;0;BBCH 89;28/08/2024
8A;10;BBCH 89;28/08/2024
8A;30;BBCH 89;28/08/2024
8A;0;BBCH 89;28/08/2024
8A;20;BBCH 89;28/08/2024
8A;0;BBCH 89;28/08/2024
8A;0;BBCH 89;28/08/2024
8A;0;BBCH 89;28/08/2024
8A;90;BBCH 89;28/08/2024
8A;10;BBCH 89;28/08/2024
8A;0;BBCH 89;28/08/2024
8A;0;BBCH 89;28/08/2024
8A;10;BBCH 89;28/08/2024
8A;2;BBCH 89;28/08/2024
8A;0;BBCH 89;28/08/2024
8A;20;BBCH 89;28/08/2024
8A;50;BBCH 89;28/08/2024
8A;0;BBCH 89;28/08/2024
8A;0;BBCH 89;28/08/2024
8A;0;BBCH 89;28/08/2024
8A;30;BBCH 89;28/08/2024
8A;2;BBCH 89;28/08/2024
8A;10;BBCH 89;28/08/2024
8A;5;BBCH 89;28/08/2024
8A;0;BBCH 89;28/08/2024
8B;0;BBCH 89;28/08/2024
8B;5;BBCH 89;28/08/2024
8B;20;BBCH 89;28/08/2024
8B;5;BBCH 89;28/08/2024
8B;0;BBCH 89;28/08/2024
8B;0;BBCH 89;28/08/2024
8B;5;BBCH 89;28/08/2024
8B;20;BBCH 89;28/08/2024
8B;0;BBCH 89;28/08/2024
8B;0;BBCH 89;28/08/2024
8B;0;BBCH 89;28/08/2024
8B;10;BBCH 89;28/08/2024
8B;0;BBCH 89;28/08/2024
8B;10;BBCH 89;28/08/2024
8B;10;BBCH 89;28/08/2024
8B;0;BBCH 89;28/08/2024
8B;0;BBCH 89;28/08/2024
8B;100;BBCH 89;28/08/2024
8B;0;BBCH 89;28/08/2024
8B;0;BBCH 89;28/08/2024
8B;10;BBCH 89;28/08/2024
8B;5;BBCH 89;28/08/2024
8B;70;BBCH 89;28/08/2024
8B;10;BBCH 89;28/08/2024
8B;0;BBCH 89;28/08/2024
8B;20;BBCH 89;28/08/2024
8B;0;BBCH 89;28/08/2024
8B;40;BBCH 89;28/08/2024
8B;30;BBCH 89;28/08/2024
8B;10;BBCH 89;28/08/2024
8B;0;BBCH 89;28/08/2024
8B;0;BBCH 89;28/08/2024
8B;0;BBCH 89;28/08/2024
8B;0;BBCH 89;28/08/2024
8B;0;BBCH 89;28/08/2024
8B;0;BBCH 89;28/08/2024
8B;0;BBCH 89;28/08/2024
8B;20;BBCH 89;28/08/2024
8B;10;BBCH 89;28/08/2024
8B;0;BBCH 89;28/08/2024
8B;5;BBCH 89;28/08/2024
8B;0;BBCH 89;28/08/2024
8B;10;BBCH 89;28/08/2024
8B;0;BBCH 89;28/08/2024
8B;5;BBCH 89;28/08/2024
8B;0;BBCH 89;28/08/2024
8B;10;BBCH 89;28/08/2024
8B;5;BBCH 89;28/08/2024
8B;50;BBCH 89;28/08/2024
8B;100;BBCH 89;28/08/2024
8C;0;BBCH 89;28/08/2024
8C;20;BBCH 89;28/08/2024
8C;5;BBCH 89;28/08/2024
8C;0;BBCH 89;28/08/2024
8C;0;BBCH 89;28/08/2024
8C;30;BBCH 89;28/08/2024
8C;10;BBCH 89;28/08/2024
8C;5;BBCH 89;28/08/2024
8C;30;BBCH 89;28/08/2024
8C;10;BBCH 89;28/08/2024
8C;30;BBCH 89;28/08/2024
8C;0;BBCH 89;28/08/2024
8C;0;BBCH 89;28/08/2024
8C;20;BBCH 89;28/08/2024
8C;0;BBCH 89;28/08/2024
8C;10;BBCH 89;28/08/2024
8C;5;BBCH 89;28/08/2024
8C;0;BBCH 89;28/08/2024
8C;20;BBCH 89;28/08/2024
8C;20;BBCH 89;28/08/2024
8C;20;BBCH 89;28/08/2024
8C;30;BBCH 89;28/08/2024
8C;10;BBCH 89;28/08/2024
8C;0;BBCH 89;28/08/2024
8C;5;BBCH 89;28/08/2024
8C;5;BBCH 89;28/08/2024
8C;0;BBCH 89;28/08/2024
8C;10;BBCH 89;28/08/2024
8C;0;BBCH 89;28/08/2024
8C;0;BBCH 89;28/08/2024
8C;0;BBCH 89;28/08/2024
8C;5;BBCH 89;28/08/2024
8C;0;BBCH 89;28/08/2024
8C;5;BBCH 89;28/08/2024
8C;50;BBCH 89;28/08/2024
8C;0;BBCH 89;28/08/2024
8C;0;BBCH 89;28/08/2024
8C;0;BBCH 89;28/08/2024
8C;0;BBCH 89;28/08/2024
8C;5;BBCH 89;28/08/2024
8C;0;BBCH 89;28/08/2024
8C;0;BBCH 89;28/08/2024
8C;5;BBCH 89;28/08/2024
8C;0;BBCH 89;28/08/2024
8C;10;BBCH 89;28/08/2024
8C;20;BBCH 89;28/08/2024
8C;0;BBCH 89;28/08/2024
8C;0;BBCH 89;28/08/2024
8C;5;BBCH 89;28/08/2024
8C;20;BBCH 89;28/08/2024
8D;5;BBCH 89;28/08/2024
8D;5;BBCH 89;28/08/2024
8D;50;BBCH 89;28/08/2024
8D;10;BBCH 89;28/08/2024
8D;30;BBCH 89;28/08/2024
8D;5;BBCH 89;28/08/2024
8D;10;BBCH 89;28/08/2024
8D;10;BBCH 89;28/08/2024
8D;0;BBCH 89;28/08/2024
8D;0;BBCH 89;28/08/2024
8D;0;BBCH 89;28/08/2024
8D;5;BBCH 89;28/08/2024
8D;0;BBCH 89;28/08/2024
8D;0;BBCH 89;28/08/2024
8D;10;BBCH 89;28/08/2024
8D;10;BBCH 89;28/08/2024
8D;20;BBCH 89;28/08/2024
8D;0;BBCH 89;28/08/2024
8D;5;BBCH 89;28/08/2024
8D;5;BBCH 89;28/08/2024
8D;20;BBCH 89;28/08/2024
8D;100;BBCH 89;28/08/2024
8D;10;BBCH 89;28/08/2024
8D;30;BBCH 89;28/08/2024
8D;0;BBCH 89;28/08/2024
8D;20;BBCH 89;28/08/2024
8D;0;BBCH 89;28/08/2024
8D;0;BBCH 89;28/08/2024
8D;10;BBCH 89;28/08/2024
8D;20;BBCH 89;28/08/2024
8D;0;BBCH 89;28/08/2024
8D;0;BBCH 89;28/08/2024
8D;0;BBCH 89;28/08/2024
8D;0;BBCH 89;28/08/2024
8D;20;BBCH 89;28/08/2024
8D;0;BBCH 89;28/08/2024
8D;5;BBCH 89;28/08/2024
8D;10;BBCH 89;28/08/2024
8D;0;BBCH 89;28/08/2024
8D;0;BBCH 89;28/08/2024
8D;5;BBCH 89;28/08/2024
8D;0;BBCH 89;28/08/2024
8D;0;BBCH 89;28/08/2024
8D;0;BBCH 89;28/08/2024
8D;0;BBCH 89;28/08/2024
8D;0;BBCH 89;28/08/2024
8D;5;BBCH 89;28/08/2024
8D;0;BBCH 89;28/08/2024
8D;0;BBCH 89;28/08/2024
8D;10;BBCH 89;28/08/2024
9A;40;BBCH 89;28/08/2024
9A;30;BBCH 89;28/08/2024
9A;0;BBCH 89;28/08/2024
9A;10;BBCH 89;28/08/2024
9A;0;BBCH 89;28/08/2024
9A;20;BBCH 89;28/08/2024
9A;0;BBCH 89;28/08/2024
9A;50;BBCH 89;28/08/2024
9A;80;BBCH 89;28/08/2024
9A;0;BBCH 89;28/08/2024
9A;10;BBCH 89;28/08/2024
9A;10;BBCH 89;28/08/2024
9A;20;BBCH 89;28/08/2024
9A;10;BBCH 89;28/08/2024
9A;5;BBCH 89;28/08/2024
9A;0;BBCH 89;28/08/2024
9A;10;BBCH 89;28/08/2024
9A;0;BBCH 89;28/08/2024
9A;90;BBCH 89;28/08/2024
9A;30;BBCH 89;28/08/2024
9A;10;BBCH 89;28/08/2024
9A;5;BBCH 89;28/08/2024
9A;0;BBCH 89;28/08/2024
9A;20;BBCH 89;28/08/2024
9A;10;BBCH 89;28/08/2024
9A;50;BBCH 89;28/08/2024
9A;0;BBCH 89;28/08/2024
9A;90;BBCH 89;28/08/2024
9A;40;BBCH 89;28/08/2024
9A;70;BBCH 89;28/08/2024
9A;40;BBCH 89;28/08/2024
9A;30;BBCH 89;28/08/2024
9A;20;BBCH 89;28/08/2024
9A;0;BBCH 89;28/08/2024
9A;0;BBCH 89;28/08/2024
9A;10;BBCH 89;28/08/2024
9A;0;BBCH 89;28/08/2024
9A;5;BBCH 89;28/08/2024
9A;20;BBCH 89;28/08/2024
9A;5;BBCH 89;28/08/2024
9A;2;BBCH 89;28/08/2024
9A;5;BBCH 89;28/08/2024
9A;10;BBCH 89;28/08/2024
9A;5;BBCH 89;28/08/2024
9A;10;BBCH 89;28/08/2024
9A;0;BBCH 89;28/08/2024
9A;50;BBCH 89;28/08/2024
9A;0;BBCH 89;28/08/2024
9A;10;BBCH 89;28/08/2024
9A;0;BBCH 89;28/08/2024
9B;50;BBCH 89;28/08/2024
9B;0;BBCH 89;28/08/2024
9B;0;BBCH 89;28/08/2024
9B;30;BBCH 89;28/08/2024
9B;10;BBCH 89;28/08/2024
9B;40;BBCH 89;28/08/2024
9B;5;BBCH 89;28/08/2024
9B;0;BBCH 89;28/08/2024
9B;0;BBCH 89;28/08/2024
9B;0;BBCH 89;28/08/2024
9B;20;BBCH 89;28/08/2024
9B;10;BBCH 89;28/08/2024
9B;0;BBCH 89;28/08/2024
9B;0;BBCH 89;28/08/2024
9B;0;BBCH 89;28/08/2024
9B;70;BBCH 89;28/08/2024
9B;40;BBCH 89;28/08/2024
9B;5;BBCH 89;28/08/2024
9B;5;BBCH 89;28/08/2024
9B;10;BBCH 89;28/08/2024
9B;0;BBCH 89;28/08/2024
9B;20;BBCH 89;28/08/2024
9B;10;BBCH 89;28/08/2024
9B;100;BBCH 89;28/08/2024
9B;70;BBCH 89;28/08/2024
9B;5;BBCH 89;28/08/2024
9B;40;BBCH 89;28/08/2024
9B;80;BBCH 89;28/08/2024
9B;2;BBCH 89;28/08/2024
9B;50;BBCH 89;28/08/2024
9B;0;BBCH 89;28/08/2024
9B;0;BBCH 89;28/08/2024
9B;0;BBCH 89;28/08/2024
9B;50;BBCH 89;28/08/2024
9B;0;BBCH 89;28/08/2024
9B;30;BBCH 89;28/08/2024
9B;10;BBCH 89;28/08/2024
9B;40;BBCH 89;28/08/2024
9B;40;BBCH 89;28/08/2024
9B;10;BBCH 89;28/08/2024
9B;0;BBCH 89;28/08/2024
9B;60;BBCH 89;28/08/2024
9B;20;BBCH 89;28/08/2024
9B;0;BBCH 89;28/08/2024
9B;5;BBCH 89;28/08/2024
9B;100;BBCH 89;28/08/2024
9B;0;BBCH 89;28/08/2024
9B;10;BBCH 89;28/08/2024
9B;20;BBCH 89;28/08/2024
9B;5;BBCH 89;28/08/2024
9C;5;BBCH 89;28/08/2024
9C;30;BBCH 89;28/08/2024
9C;0;BBCH 89;28/08/2024
9C;0;BBCH 89;28/08/2024
9C;20;BBCH 89;28/08/2024
9C;5;BBCH 89;28/08/2024
9C;5;BBCH 89;28/08/2024
9C;0;BBCH 89;28/08/2024
9C;5;BBCH 89;28/08/2024
9C;0;BBCH 89;28/08/2024
9C;20;BBCH 89;28/08/2024
9C;30;BBCH 89;28/08/2024
9C;0;BBCH 89;28/08/2024
9C;50;BBCH 89;28/08/2024
9C;0;BBCH 89;28/08/2024
9C;30;BBCH 89;28/08/2024
9C;50;BBCH 89;28/08/2024
9C;10;BBCH 89;28/08/2024
9C;30;BBCH 89;28/08/2024
9C;10;BBCH 89;28/08/2024
9C;80;BBCH 89;28/08/2024
9C;20;BBCH 89;28/08/2024
9C;0;BBCH 89;28/08/2024
9C;50;BBCH 89;28/08/2024
9C;0;BBCH 89;28/08/2024
9C;20;BBCH 89;28/08/2024
9C;20;BBCH 89;28/08/2024
9C;5;BBCH 89;28/08/2024
9C;0;BBCH 89;28/08/2024
9C;5;BBCH 89;28/08/2024
9C;20;BBCH 89;28/08/2024
9C;5;BBCH 89;28/08/2024
9C;0;BBCH 89;28/08/2024
9C;5;BBCH 89;28/08/2024
9C;30;BBCH 89;28/08/2024
9C;0;BBCH 89;28/08/2024
9C;0;BBCH 89;28/08/2024
9C;5;BBCH 89;28/08/2024
9C;20;BBCH 89;28/08/2024
9C;0;BBCH 89;28/08/2024
9C;10;BBCH 89;28/08/2024
9C;0;BBCH 89;28/08/2024
9C;0;BBCH 89;28/08/2024
9C;10;BBCH 89;28/08/2024
9C;10;BBCH 89;28/08/2024
9C;20;BBCH 89;28/08/2024
9C;0;BBCH 89;28/08/2024
9C;2;BBCH 89;28/08/2024
9C;0;BBCH 89;28/08/2024
9C;10;BBCH 89;28/08/2024
9D;0;BBCH 89;28/08/2024
9D;0;BBCH 89;28/08/2024
9D;0;BBCH 89;28/08/2024
9D;5;BBCH 89;28/08/2024
9D;5;BBCH 89;28/08/2024
9D;0;BBCH 89;28/08/2024
9D;0;BBCH 89;28/08/2024
9D;10;BBCH 89;28/08/2024
9D;10;BBCH 89;28/08/2024
9D;5;BBCH 89;28/08/2024
9D;0;BBCH 89;28/08/2024
9D;0;BBCH 89;28/08/2024
9D;0;BBCH 89;28/08/2024
9D;0;BBCH 89;28/08/2024
9D;20;BBCH 89;28/08/2024
9D;0;BBCH 89;28/08/2024
9D;30;BBCH 89;28/08/2024
9D;5;BBCH 89;28/08/2024
9D;0;BBCH 89;28/08/2024
9D;0;BBCH 89;28/08/2024
9D;0;BBCH 89;28/08/2024
9D;5;BBCH 89;28/08/2024
9D;10;BBCH 89;28/08/2024
9D;0;BBCH 89;28/08/2024
9D;20;BBCH 89;28/08/2024
9D;0;BBCH 89;28/08/2024
9D;0;BBCH 89;28/08/2024
9D;80;BBCH 89;28/08/2024
9D;70;BBCH 89;28/08/2024
9D;5;BBCH 89;28/08/2024
9D;0;BBCH 89;28/08/2024
9D;20;BBCH 89;28/08/2024
9D;2;BBCH 89;28/08/2024
9D;10;BBCH 89;28/08/2024
9D;5;BBCH 89;28/08/2024
9D;30;BBCH 89;28/08/2024
9D;2;BBCH 89;28/08/2024
9D;20;BBCH 89;28/08/2024
9D;20;BBCH 89;28/08/2024
9D;2;BBCH 89;28/08/2024
9D;5;BBCH 89;28/08/2024
9D;5;BBCH 89;28/08/2024
9D;0;BBCH 89;28/08/2024
9D;50;BBCH 89;28/08/2024
9D;0;BBCH 89;28/08/2024
9D;50;BBCH 89;28/08/2024
9D;5;BBCH 89;28/08/2024
9D;10;BBCH 89;28/08/2024
9D;0;BBCH 89;28/08/2024
9D;0;BBCH 89;28/08/2024
TNT1;5;BBCH 89;28/08/2024
TNT1;50;BBCH 89;28/08/2024
TNT1;50;BBCH 89;28/08/2024
TNT1;80;BBCH 89;28/08/2024
TNT1;100;BBCH 89;28/08/2024
TNT1;100;BBCH 89;28/08/2024
TNT1;80;BBCH 89;28/08/2024
TNT1;80;BBCH 89;28/08/2024
TNT1;30;BBCH 89;28/08/2024
TNT1;30;BBCH 89;28/08/2024
TNT1;30;BBCH 89;28/08/2024
TNT1;60;BBCH 89;28/08/2024
TNT1;20;BBCH 89;28/08/2024
TNT1;50;BBCH 89;28/08/2024
TNT1;80;BBCH 89;28/08/2024
TNT1;90;BBCH 89;28/08/2024
TNT1;90;BBCH 89;28/08/2024
TNT1;100;BBCH 89;28/08/2024
TNT1;70;BBCH 89;28/08/2024
TNT1;70;BBCH 89;28/08/2024
TNT1;50;BBCH 89;28/08/2024
TNT1;30;BBCH 89;28/08/2024
TNT1;80;BBCH 89;28/08/2024
TNT1;80;BBCH 89;28/08/2024
TNT1;30;BBCH 89;28/08/2024
TNT1;100;BBCH 89;28/08/2024
TNT1;100;BBCH 89;28/08/2024
TNT1;50;BBCH 89;28/08/2024
TNT1;100;BBCH 89;28/08/2024
TNT1;60;BBCH 89;28/08/2024
TNT1;70;BBCH 89;28/08/2024
TNT1;100;BBCH 89;28/08/2024
TNT1;50;BBCH 89;28/08/2024
TNT1;90;BBCH 89;28/08/2024
TNT1;100;BBCH 89;28/08/2024
TNT1;80;BBCH 89;28/08/2024
TNT1;90;BBCH 89;28/08/2024
TNT1;100;BBCH 89;28/08/2024
TNT1;40;BBCH 89;28/08/2024
TNT1;50;BBCH 89;28/08/2024
TNT1;40;BBCH 89;28/08/2024
TNT1;50;BBCH 89;28/08/2024
TNT1;50;BBCH 89;28/08/2024
TNT1;50;BBCH 89;28/08/2024
TNT1;80;BBCH 89;28/08/2024
TNT1;100;BBCH 89;28/08/2024
TNT1;40;BBCH 89;28/08/2024
TNT1;100;BBCH 89;28/08/2024
TNT1;90;BBCH 89;28/08/2024
TNT1;20;BBCH 89;28/08/2024
TNT2;100;BBCH 89;28/08/2024
TNT2;100;BBCH 89;28/08/2024
TNT2;50;BBCH 89;28/08/2024
TNT2;40;BBCH 89;28/08/2024
TNT2;100;BBCH 89;28/08/2024
TNT2;40;BBCH 89;28/08/2024
TNT2;30;BBCH 89;28/08/2024
TNT2;30;BBCH 89;28/08/2024
TNT2;90;BBCH 89;28/08/2024
TNT2;70;BBCH 89;28/08/2024
TNT2;85;BBCH 89;28/08/2024
TNT2;80;BBCH 89;28/08/2024
TNT2;50;BBCH 89;28/08/2024
TNT2;60;BBCH 89;28/08/2024
TNT2;30;BBCH 89;28/08/2024
TNT2;60;BBCH 89;28/08/2024
TNT2;80;BBCH 89;28/08/2024
TNT2;70;BBCH 89;28/08/2024
TNT2;100;BBCH 89;28/08/2024
TNT2;40;BBCH 89;28/08/2024
TNT2;20;BBCH 89;28/08/2024
TNT2;100;BBCH 89;28/08/2024
TNT2;40;BBCH 89;28/08/2024
TNT2;20;BBCH 89;28/08/2024
TNT2;100;BBCH 89;28/08/2024
TNT2;90;BBCH 89;28/08/2024
TNT2;100;BBCH 89;28/08/2024
TNT2;60;BBCH 89;28/08/2024
TNT2;40;BBCH 89;28/08/2024
TNT2;50;BBCH 89;28/08/2024
TNT2;80;BBCH 89;28/08/2024
TNT2;100;BBCH 89;28/08/2024
TNT2;100;BBCH 89;28/08/2024
TNT2;80;BBCH 89;28/08/2024
TNT2;90;BBCH 89;28/08/2024
TNT2;80;BBCH 89;28/08/2024
TNT2;60;BBCH 89;28/08/2024
TNT2;100;BBCH 89;28/08/2024
TNT2;100;BBCH 89;28/08/2024
TNT2;90;BBCH 89;28/08/2024
TNT2;70;BBCH 89;28/08/2024
TNT2;100;BBCH 89;28/08/2024
TNT2;30;BBCH 89;28/08/2024
TNT2;90;BBCH 89;28/08/2024
TNT2;90;BBCH 89;28/08/2024
TNT2;100;BBCH 89;28/08/2024
TNT2;100;BBCH 89;28/08/2024
TNT2;100;BBCH 89;28/08/2024
TNT2;90;BBCH 89;28/08/2024
TNT2;80;BBCH 89;28/08/2024
TNT3;100;BBCH 89;28/08/2024
TNT3;30;BBCH 89;28/08/2024
TNT3;40;BBCH 89;28/08/2024
TNT3;80;BBCH 89;28/08/2024
TNT3;30;BBCH 89;28/08/2024
TNT3;50;BBCH 89;28/08/2024
TNT3;50;BBCH 89;28/08/2024
TNT3;10;BBCH 89;28/08/2024
TNT3;40;BBCH 89;28/08/2024
TNT3;90;BBCH 89;28/08/2024
TNT3;100;BBCH 89;28/08/2024
TNT3;5;BBCH 89;28/08/2024
TNT3;30;BBCH 89;28/08/2024
TNT3;100;BBCH 89;28/08/2024
TNT3;50;BBCH 89;28/08/2024
TNT3;30;BBCH 89;28/08/2024
TNT3;100;BBCH 89;28/08/2024
TNT3;30;BBCH 89;28/08/2024
TNT3;20;BBCH 89;28/08/2024
TNT3;10;BBCH 89;28/08/2024
TNT3;40;BBCH 89;28/08/2024
TNT3;20;BBCH 89;28/08/2024
TNT3;100;BBCH 89;28/08/2024
TNT3;30;BBCH 89;28/08/2024
TNT3;50;BBCH 89;28/08/2024
TNT3;20;BBCH 89;28/08/2024
TNT3;100;BBCH 89;28/08/2024
TNT3;100;BBCH 89;28/08/2024
TNT3;90;BBCH 89;28/08/2024
TNT3;90;BBCH 89;28/08/2024
TNT3;100;BBCH 89;28/08/2024
TNT3;90;BBCH 89;28/08/2024
TNT3;100;BBCH 89;28/08/2024
TNT3;80;BBCH 89;28/08/2024
TNT3;50;BBCH 89;28/08/2024
TNT3;90;BBCH 89;28/08/2024
TNT3;100;BBCH 89;28/08/2024
TNT3;0;BBCH 89;28/08/2024
TNT3;30;BBCH 89;28/08/2024
TNT3;80;BBCH 89;28/08/2024
TNT3;70;BBCH 89;28/08/2024
TNT3;50;BBCH 89;28/08/2024
TNT3;50;BBCH 89;28/08/2024
TNT3;100;BBCH 89;28/08/2024
TNT3;60;BBCH 89;28/08/2024
TNT3;90;BBCH 89;28/08/2024
TNT3;100;BBCH 89;28/08/2024
TNT3;80;BBCH 89;28/08/2024
TNT3;90;BBCH 89;28/08/2024
TNT3;100;BBCH 89;28/08/2024
TNT4;100;BBCH 89;28/08/2024
TNT4;20;BBCH 89;28/08/2024
TNT4;80;BBCH 89;28/08/2024
TNT4;20;BBCH 89;28/08/2024
TNT4;30;BBCH 89;28/08/2024
TNT4;15;BBCH 89;28/08/2024
TNT4;90;BBCH 89;28/08/2024
TNT4;50;BBCH 89;28/08/2024
TNT4;100;BBCH 89;28/08/2024
TNT4;50;BBCH 89;28/08/2024
TNT4;90;BBCH 89;28/08/2024
TNT4;80;BBCH 89;28/08/2024
TNT4;50;BBCH 89;28/08/2024
TNT4;80;BBCH 89;28/08/2024
TNT4;70;BBCH 89;28/08/2024
TNT4;80;BBCH 89;28/08/2024
TNT4;5;BBCH 89;28/08/2024
TNT4;50;BBCH 89;28/08/2024
TNT4;40;BBCH 89;28/08/2024
TNT4;10;BBCH 89;28/08/2024
TNT4;0;BBCH 89;28/08/2024
TNT4;10;BBCH 89;28/08/2024
TNT4;50;BBCH 89;28/08/2024
TNT4;30;BBCH 89;28/08/2024
TNT4;5;BBCH 89;28/08/2024
TNT4;10;BBCH 89;28/08/2024
TNT4;60;BBCH 89;28/08/2024
TNT4;40;BBCH 89;28/08/2024
TNT4;10;BBCH 89;28/08/2024
TNT4;20;BBCH 89;28/08/2024
TNT4;10;BBCH 89;28/08/2024
TNT4;20;BBCH 89;28/08/2024
TNT4;40;BBCH 89;28/08/2024
TNT4;20;BBCH 89;28/08/2024
TNT4;0;BBCH 89;28/08/2024
TNT4;10;BBCH 89;28/08/2024
TNT4;100;BBCH 89;28/08/2024
TNT4;80;BBCH 89;28/08/2024
TNT4;100;BBCH 89;28/08/2024
TNT4;60;BBCH 89;28/08/2024
TNT4;80;BBCH 89;28/08/2024
TNT4;100;BBCH 89;28/08/2024
TNT4;50;BBCH 89;28/08/2024
TNT4;50;BBCH 89;28/08/2024
TNT4;80;BBCH 89;28/08/2024
TNT4;40;BBCH 89;28/08/2024
TNT4;100;BBCH 89;28/08/2024
TNT4;50;BBCH 89;28/08/2024
TNT4;20;BBCH 89;28/08/2024
TNT4;20;BBCH 89;28/08/2024
