DATE;PLUIE;TMIN;TMAX;TMOY;UMIN;UMAX;UMOY
13/01/2026;0;4;10.9;7.45;60;80;70
12/01/2026;0;4.4;10.9;7.65;55;80;67.5
11/01/2026;0;3.7;11.1;7.4;55;85;70
10/01/2026;0.2;6.9;11.5;9.2;65;85;75
09/01/2026;0.2;5.9;13.7;9.8;60;85;72.5
08/01/2026;0.1;0.7;12.4;6.55;55;80;67.5
07/01/2026;;;;;;;
06/01/2026;;;;;;;
05/01/2026;;;;;;;
04/01/2026;;;;;;;
03/01/2026;;;;;;;
02/01/2026;;;;;;;
01/01/2026;;;;;;;
31/12/2025;;;;;;;
30/12/2025;0;0.0092982056004758;6.8223703529606;2.8069710594539;52.423180508198;90.423180508198;70.307389271384
29/12/2025;0;-0.64002600232123;11.328305141619;3.2372888792653;55.646884037804;94;82.335884390022
28/12/2025;0;1.5024229525998;9.3518215188292;4.3442430239883;55;87;76.419555040122
27/12/2025;0;1.7305228318102;12.151821518829;5.7500696427352;55.646884037804;93;77.760636878122
26/12/2025;1.2764836227901;3.8658344280297;10.575337896039;6.1460713957802;67.576819491802;89;79.064299264475
25/12/2025;2.3635423795311;2.8646884037804;8.1741918717899;4.9496793331192;70.258081282101;94;82.284927601625
24/12/2025;0;3.4;8.2165099226097;6.2961590502014;62;89.834900773903;73.143164450697
23/12/2025;11.775001729529;7.86812617903;10.817655946859;9.2242748150809;82.741918717899;98;90.746125747666
22/12/2025;39.705125525916;9.1092982056005;13.44231805082;10.627166611222;73;99;90.735935273062
21/12/2025;25.761136941947;10.729376807561;14.673986609381;12.082304561943;75.353115962196;96.646884037804;89.850433801029
20/12/2025;0.074191871789857;10.48463610164;15.150470232171;12.576683708759;83.353115962196;96;91.430541320182
19/12/2025;8.6210368788165;11.717581588551;13.22580812821;12.308191302234;78.741918717899;97.353115962196;90.27706988625
18/12/2025;0.035311596219557;8.1658341305314;14.5070064546;11.377202674182;77.353115962196;99;87.694104976269
17/12/2025;0;8.4;14.784841364049;10.809515259398;76.576819491802;99;93.549077730609
16/12/2025;17.562413870298;9.6540389115217;14.640966764162;12.050374578249;78.188016736099;97;90.766708483595
15/12/2025;1.0847104599473;7.8233108173026;14.18463610164;12.275315906168;66.576819491802;93;77.356528967249
14/12/2025;0;3.9635426770295;13.02351637721;7.2142662522335;71;97.388802755703;89.197634365997
13/12/2025;0;7.7730461450389;15.81650992261;10.856083338302;56.258081282101;90.646884037804;78.194261308472
12/12/2025;0;10.731668558561;14.12351637721;12.010958060915;68.929935453997;96.353115962196;83.725352814358
11/12/2025;0.083490077390333;9.506800894693;14.32351637721;11.987200143437;84.611197244297;98.353115962196;93.31921406302
10/12/2025;3.5976517032063;12.22580812821;15.06812617903;13.175529494539;78;96.188016736099;85.668215457695
09/12/2025;0;5.7018812261823;13.990496531991;10.966620401052;81.576819491802;99;90.926605102592
08/12/2025;0;6.4785701113814;16.801146024249;11.219012457526;63.070064546003;98;85.151697047522
07/12/2025;0;3.7184655070997;15.156535924931;8.6687763774189;69.516162564203;96.576819491802;88.210511303378
06/12/2025;0.038880275570299;3.4022917510002;10.12580812821;6.5328333380658;72.965622247505;97.834900773903;86.711276250164
05/12/2025;0;1.6151586359514;12.44002629982;6.432006933325;53;100;80.328974272973
04/12/2025;0.016509922609667;2.3552589965804;10.543669337478;5.9732985058308;69;100;87.661243623305
03/12/2025;36.45721458107;6.1458867301706;10.121019066302;8.1735690418542;90;97;93.862367679416
02/12/2025;6.5896866742515;2.2702123701229;11.32580812821;7.8092362213762;73.423180508198;97.576819491802;89.778642361983
01/12/2025;0;1.9893505077413;12.101146024249;6.5997068682703;47;92.070064546003;68.774542514266
30/11/2025;0;5.6644828438731;12.96468840378;9.5411177242673;71.776296470394;92.481784811708;77.951884463564
29/11/2025;0;4.3398207399123;15.133019845219;8.2483893618524;60.646884037804;91.188016736099;77.270990858895
28/11/2025;0;5.3540389115217;13.63531159622;9.0708860351649;51.353115962196;80.576819491802;62.970519002484
27/11/2025;0;4.662265748679;10.48349007739;7.0184263665881;44;62;53.322603383369
26/11/2025;0;5.1588279734295;10.997708249;7.5194238367513;41;76.576819491802;56.975566448527
25/11/2025;0;4.089144947834;13.614218171609;8.0214243099615;47.423180508198;97;69.622410786718
24/11/2025;2.3730458475406;6.7977082489998;16.24002629982;9.4979355918603;69.611197244297;98.576819491802;92.204936343188
23/11/2025;0;-1.343669337478;9.9165099226097;4.7206808350968;45;92;63.946900525797
22/11/2025;0;1.27284088263;8.8646884037804;4.823679293001;25;51.929935453997;40.006933553838
21/11/2025;0;-0.018801376111534;7.4165099226097;3.8410094858046;36.811983263901;68;48.831392434247
20/11/2025;0;0.95882797342948;9.9188016736099;5.7243895892885;36.423180508198;75.235163772099;58.365648036971
19/11/2025;0;1.2235163772099;12.42580812821;5.6407908474459;29.165099226097;78.977082489998;61.24737980409
18/11/2025;0;3.7481784811708;11.36111972443;7.8416441319199;37.646884037804;67.188016736099;52.434151696581
17/11/2025;0;8.2318735234717;18.858827973429;11.426552044612;50.388802755703;98;73.645998280776
16/11/2025;1.4188016736099;9.7728405851316;20.073986609381;16.323721577278;55.646884037804;94;83.227984609802
15/11/2025;0;15.648178481171;20.26111972443;17.772395869875;63;90;81.203817940769
14/11/2025;0.71880167360989;9.9233108173026;19.28119832639;15.896426212103;63.165099226097;90.811983263901;75.216815926115
13/11/2025;0;11.055184638273;19.12351637721;14.640274906931;70;99.741918717899;85.002111703178
12/11/2025;0;9.1927136271847;19.34231805082;14.318975739148;69.423180508198;94;85.850158325561
11/11/2025;0;4.3893505077413;16.16812617903;10.028421228701;68.223703529606;99;89.609331938658
10/11/2025;0;6.9244565440536;16.34231805082;10.595718320454;59.223703529606;97.258081282101;81.377092567999
09/11/2025;0;9.8188019711082;18.40343777525;13.446049314967;51.834900773903;82.834900773903;69.90632882476
08/11/2025;0;7.6198730420531;18.427159414868;12.454148089485;61;98;84.233823445926
07/11/2025;8.6314167522618;8.5258081282101;17.905860430351;12.567513717428;60.423180508198;98;85.821062014221
06/11/2025;14.344199574501;11.56812617903;17.2070064546;13.060555518373;53.188016736099;96;75.949043335561
05/11/2025;0;6.2479729212635;17.84231805082;12.331170882181;57.423180508198;95.353115962196;81.488862051027
04/11/2025;0;6.3153641958587;20.058827973429;11.894547959502;45.423180508198;94.576819491802;78.417089633395
03/11/2025;0;9.4070064546003;18.31650992261;13.421844368897;47.834900773903;87.188016736099;67.915117751681
02/11/2025;1.2564050208297;9.9423180508198;18.32580812821;15.317581746276;70.235163772099;96.576819491802;84.511285316276
01/11/2025;0.18119832639011;14.77041793003;20.445755826069;17.877296120778;77.3187382097;93.188016736099;87.683014024833
31/10/2025;0;10.980993063981;19.99164255624;15.737878443491;72.576819491802;96.223703529606;86.491265492497
30/10/2025;0.15768194918019;11.0092982056;19.451821518829;15.662761578053;60.258081282101;99;83.11121074853
29/10/2025;6.0979307289261;7.8115153007946;18.63281458281;14.929527250373;75.541132698294;98;90.031200716594
28/10/2025;0;7.9411717290722;21.997708249;14.25683012531;46;95;73.485593416963
27/10/2025;0;6.4258081282101;19.231668558561;13.046720970115;46.576819491802;83.423180508198;64.024480672967
26/10/2025;0;9.855184935771;16.901146024249;13.669697937367;33.353115962196;73.423180508198;50.63527587665
25/10/2025;0;11.048178481171;20.688410043399;15.381779375203;53.258081282101;91.258081282101;70.830382994622
24/10/2025;0;9.5282307833116;19.601146024249;14.069689084116;47;86.646884037804;65.290377088283
23/10/2025;1.6189325777111;11.94359497917;19.34231805082;16.462763027643;43.576819491802;97.188016736099;69.507410939985
22/10/2025;8.0395592292082;14.78119832639;22.24231805082;17.864420082945;65;100;89.350597307198
21/10/2025;0.80950346800941;10.262265451181;19.659973997679;14.885565505767;76.223703529606;100;92.967623207148
20/10/2025;3.343839272357;11.790496234492;23.475337896039;18.508169951213;51.811983263901;98.423180508198;83.419725968172
19/10/2025;3.3462748467315;9.0314629986538;19.52580812821;15.36527823147;79;94.153638983604;88.477906505679
18/10/2025;0;9.0821384932337;22.12351637721;14.578189616248;45;94.423180508198;70.959342896917
17/10/2025;0;10.287058756741;22.2070064546;15.382053966939;46;81.646884037804;67.255784168791
16/10/2025;0;10.640892405854;21.84002629982;15.606190933743;47.188016736099;76.095034680094;64.646200315412
15/10/2025;0;12.004509143693;21.898854273249;15.901498171451;47;75;65.005838712167
14/10/2025;0;11.7047147036;23.917655946859;16.533220825278;47.834900773903;89.576819491802;71.02352565276
13/10/2025;0;11.638675013161;23.998854273249;16.685412277738;46;92;74.955328575204
12/10/2025;0;11.6047147036;25.158827973429;16.981819052338;41.811983263901;91;72.313111722834
11/10/2025;0;12.406931798794;26.022370352961;18.31248615976;38.258081282101;83.811983263901;63.790595261785
10/10/2025;0;14.28119832639;23.94231805082;18.271287529315;45;73;61.04458602275
09/10/2025;0;14.2070064546;21.158827973429;17.188066110598;53.388802755703;88.388802755703;69.565700688201
08/10/2025;0;10.269271905781;24.191847818649;16.449862918703;42;97.293768075609;71.190608112189
07/10/2025;0;13.1;22.682344350639;16.802026419266;40;70.846361016396;56.150435693175
06/10/2025;0;10.560104604282;21.075337896039;15.75592146535;33.834900773903;65.764836227901;50.225542763822
05/10/2025;0;11.6070064546;19.98463610164;15.278846036973;32;62.576819491802;48.485849747058
04/10/2025;0;11.524662103961;26.834165869469;18.505843220431;43.576819491802;88.481784811708;63.372403364837
03/10/2025;0;8.4952109380923;23.151821518829;15.536886655323;38;78.423180508198;63.442964432165
02/10/2025;0;12.310575133951;21.78463610164;16.22896955287;33.646884037804;67.811983263901;53.458749002138
01/10/2025;0;13.798648713342;22.752967543079;17.863555926983;33.646884037804;65.388802755703;51.176935121436
30/09/2025;0;12.6070064546;24.158827973429;17.7103745761;38.576819491802;83.388802755703;62.048068167026
29/09/2025;0;10.711515598293;23.958827973429;17.532292911079;39;89;63.723609286617
28/09/2025;0;8.1762783603811;19.72580812821;14.078210259868;55.646884037804;92.646884037804;75.39860388084
27/09/2025;0;8.5975029865908;21.097708249;14.293223711683;35;92.646884037804;69.377011581328
26/09/2025;0;8.1798470397319;19.530728094219;14.208218812594;38;81.188016736099;65.565864318327
25/09/2025;0;9.7339606070597;19.16583442803;14.359927748993;43;86.764836227901;63.402931958573
24/09/2025;0.50586043035097;10.329376807561;19.994139569649;14.501962103759;41.834900773903;83.576819491802;63.033856072785
23/09/2025;0;11.712866884951;19.81880167361;15.326130974473;50.293768075609;91.611197244297;69.193449116234
22/09/2025;1.0764836227901;14.576483920288;23.452967543079;18.164487295231;44;95.223703529606;72.326563285664
21/09/2025;16.920888162201;17.158827973429;22.794065211341;19.684876862533;68.423180508198;97.165099226097;89.09420322872
20/09/2025;0;15.240966466663;27.590496531991;20.981715375894;45.258081282101;97.576819491802;78.833271492034
19/09/2025;0;14.306800894693;28.06468840378;20.550140712039;48;99.070064546003;76.7581951561
18/09/2025;0;15.02109342461;29.266980154781;21.422042617856;38.811983263901;95.423180508198;59.706582631627
17/09/2025;0;14.598648713342;30.091847818649;21.619999897556;24.834900773903;66;46.388703601508
16/09/2025;0;17.24231805082;25.536457620469;21.098924723303;37.388802755703;77;55.73430095603
15/09/2025;0;16.58349007739;29.81650992261;22.97863839406;45.576819491802;97.258081282101;71.736517330584
14/09/2025;0;14.74231805082;26.670754394039;20.923430611515;54.811983263901;97;76.688166142252
13/09/2025;6.1182711390891;14.533960309561;18.85768194918;16.611558116051;65;95.576819491802;86.714820359696
12/09/2025;0;15.973986609381;25.44002629982;20.042283589351;33.834900773903;78.165099226097;57.832770421183
11/09/2025;0;16.025733472404;26.030728094219;21.183978257498;35;69.423180508198;52.871855172491
10/09/2025;0;17.57890657539;27.5;22.329893577034;34.646884037804;82.834900773903;56.617189530076
09/09/2025;0.59770824899978;18.24002629982;27.41650992261;22.15057696969;45;92.611197244297;68.131879134421
08/09/2025;0.01880167360989;17.635106333811;29.58349007739;22.686968892594;38.388802755703;96.458867301706;72.454513500418
07/09/2025;0;14.416304362702;27.466980154781;21.015932817585;40;96;72.687719738734
06/09/2025;0;14.585987090799;26.905860430351;20.383496378635;39;89.258081282101;61.938534565605
05/09/2025;0;15.74002629982;25.833960309561;21.100805521068;37;81.223703529606;56.13133965906
04/09/2025;0.89892833405842;19.24231805082;25.16111972443;21.769338978561;67.834900773903;87;77.711644549559
03/09/2025;0;15.147032456921;27.87419187179;21.879092490876;38.646884037804;84.811983263901;64.081699140259
02/09/2025;0;14.403643335157;25.9929935454;19.900172033887;37.882047809904;84.870587567411;63.238027841061
01/09/2025;5.9325128757988;17.7070064546;22.31880167361;19.495063495667;67.811983263901;95.188016736099;87.262857792009
31/08/2025;1.5680627151205;15.442112788411;28.91650992261;22.62964605412;40.811983263901;92.353115962196;64.0112307729
30/08/2025;0;14.269271905781;28.056536222429;21.458532234557;33;87.576819491802;57.92665952201
29/08/2025;0.057681949180189;15.228230783312;25.21880167361;19.415459070405;45.258081282101;85.834900773903;67.52944989093
28/08/2025;17.809020667372;15.972840585132;27.805860430351;21.429320312461;53;100;81.324397163068
27/08/2025;4.2907017943995;21.866980154781;30.54231805082;25.035933243449;43.423180508198;97.388802755703;76.742220512705
26/08/2025;0;21.094139569649;29.87648362279;24.387079118949;56;98.423180508198;82.670541042958
25/08/2025;0;14.582138790732;27.71880167361;22.275613196947;47.258081282101;95;69.369014044488
24/08/2025;0;17.658827675931;31.85539019818;23.863221344468;24;71.952112355906;42.677303792704
23/08/2025;0;18.5;31.075337896039;24.138755170579;23;59.258081282101;40.01807904865
22/08/2025;0;19.010649492259;30.075337896039;24.021648665102;29;71.811983263901;47.708302474663
21/08/2025;0.096562224750489;16.2070064546;27.372840585132;21.843834449218;40.423180508198;93.165099226097;66.908739936027
20/08/2025;12.995882676116;17.98591302999;27.665834130531;21.897308883267;50.235163772099;97;83.531751791488
19/08/2025;4.253777698316;22.0070064546;31.056536222429;25.678181088439;43.353115962196;92.576819491802;72.564722231203
18/08/2025;0;23.06111972443;35.02257561537;27.890421699762;29.423180508198;83.423180508198;45.394425929001
17/08/2025;0;24.775337896039;35.517655946859;30.095066367653;20.188016736099;45;30.3029521069
16/08/2025;0;26.327085354059;38.158827973429;32.048070795807;23;55;36.628928795709
15/08/2025;0;20.749455409521;38.833019845219;29.871649211358;20.576819491802;84.975773448985;49.099401048571
14/08/2025;2.8179918158707;22.97041793003;37.550470232171;29.718860512389;25;83;45.327661133841
13/08/2025;0;19.813807349293;36.723516079712;28.024068962747;25;89.646884037804;58.502411111267
12/08/2025;0;19.746827194513;36.95768194918;28.033158176392;28.423180508198;87;58.635974566762
11/08/2025;0;22.173986609381;35.865834130531;29.421525983716;29;83.646884037804;46.278661507355
10/08/2025;0;19.584561743332;40.02958206997;30.551732380032;23;88;46.932781379442
09/08/2025;0;18.398648415843;34.7929935454;25.749883477953;30.423180508198;94;68.001572599691
08/08/2025;0;17.944535146014;33.03416557197;25.096267680619;36;92;66.351498031945
07/08/2025;0;15.396225760742;32.13531159622;24.143564041324;32;90;54.406328948717
06/08/2025;0;17.639820739912;29.675337896039;24.439352557613;32;67.258081282101;42.073418458155
05/08/2025;0;16.148103825365;35.23888027557;26.77195488906;25;76.423180508198;44.88563700208
04/08/2025;0;19.984897909842;33.175543158448;25.542553118703;19.258081282101;58.165099226097;37.218915792038
03/08/2025;0;18.3;30.533019845219;24.198797833285;25.165099226097;53.576819491802;39.193088114762
02/08/2025;0;19.972840585132;30.852967543079;24.736424698512;20.834900773903;61.034377752495;40.064691372533
01/08/2025;0;20.362527556881;31.998853975751;26.572404637737;30;61;43.04551006033
31/07/2025;0;19.466980154781;32.333019845219;25.708103168069;27;63;44.832879507934
30/07/2025;0;18.45161625642;29.891847818649;24.688320019126;29;56;40.713749078772
29/07/2025;0;19.217655946859;28.714218171609;23.735265545866;26;51;38.919108512646
28/07/2025;0;19.38119832639;26.636457620469;22.923427789111;33;54;43.415343347064
27/07/2025;0;21.06354267703;28.2;24.940708746528;33.423180508198;66.258081282101;46.604362596738
26/07/2025;0;18.54932450542;30.519947697859;24.724403785315;30.388802755703;63;47.811263523717
25/07/2025;0;16.990496531991;28.891847818649;23.258874969856;33;65.223703529606;47.613346136414
24/07/2025;0;16.398854273249;28.198854273249;22.581640503326;30.388802755703;97.870587567411;56.142796151301
23/07/2025;5.4261436997236;17.483284814981;29.93888027557;22.126644761417;34.646884037804;96.576819491802;65.245757200356
22/07/2025;0;17.41044422985;30.191847818649;23.737101526586;29.388802755703;87.223703529606;55.712763199893
21/07/2025;24.982584370045;18.390496531991;29.514218171609;23.703043663751;36;93.188016736099;62.70541397725
20/07/2025;0.83625235805991;18.740966764162;31.461250926029;25.276416172852;47.117952190096;90.576819491802;67.430258422833
19/07/2025;0.96239665278022;20.545755826069;30.133019845219;25.081729330097;50;92.3187382097;71.57359380158
18/07/2025;0;22.4117211582;35.76468840378;27.73045554413;21.188016736099;86.611197244297;45.384627562454
17/07/2025;0;23.548178481171;34.26468840378;28.974306657012;31;51;38.824967249183
16/07/2025;0;22.148178481171;34.375337896039;28.217413264586;21;50;34.173545801087
15/07/2025;0;21.492788282991;34.349529767829;27.724027507429;33.834900773903;81.070064546003;54.138055163355
14/07/2025;0;20.671694858381;34.01536389836;26.943484738019;33;91.423180508198;61.351951733387
13/07/2025;2.1709593589493;18.755184935771;31.37419187179;24.371277442755;32.811983263901;93.964313206493;65.951407077418
12/07/2025;0.1;19.53281458281;28.224662103961;23.451223542528;51.341655719703;97.423180508198;76.091143803257
11/07/2025;0;15.265628570624;30.08349007739;23.555614607075;31.811983263901;94.423180508198;56.603598021825
10/07/2025;0;18.770548834131;31.91880167361;24.737952256653;16;74.751326336302;38.871292260341
09/07/2025;0;17.6070064546;30.26111972443;23.672737494803;21;52.611197244297;34.362674137513
08/07/2025;0;16.94231805082;27.977629647039;22.628939145732;18;59;39.795987446476
07/07/2025;0;17.58119832639;28.22580812821;23.434590393658;30.741918717899;70;47.210806161941
06/07/2025;0;21.030391927709;31.91880167361;25.816759371075;24;50;35.741657476597
05/07/2025;0;24.38463610164;36.53531159622;30.389257810176;19;39;30.290203277684
04/07/2025;0;25.58119832639;36.61650992261;30.298464581864;25;58.576819491802;39.114693140721
03/07/2025;0;22.46812617903;37.34231805082;29.773430383858;32;85.800523021408;54.032485755646
02/07/2025;0;21.88463610164;34.77648362279;28.168390278837;35.165099226097;88.611197244297;60.706986452983
01/07/2025;0;22.558827973429;39.51880167361;30.540203915154;13;87.258081282101;49.157089232213
30/06/2025;0;21.98463610164;37.17419187179;29.582238533382;33;86.423180508198;59.764542360999
29/06/2025;0;24.36812617903;36.9929935454;30.590189908216;29;81.165099226097;48.358291640362
28/06/2025;0;25.64932450542;37.6;31.385865251788;26;52;38.8641612112
27/06/2025;0;23.68119832639;35.3;29.338752335779;25;53;39.941147339634
26/06/2025;0.49265737888958;22.86468840378;34;28.249390483378;27;98.188016736099;55.062218543925
25/06/2025;0;21.21044422985;31.65768194918;26.563650649628;44.423180508198;87.423180508198;70.373765088949
24/06/2025;0;22.36812617903;36.53416557197;28.580957478727;22.353115962196;92.646884037804;54.35296129697
23/06/2025;0;20.68463610164;33.936457620469;27.115826972385;45.576819491802;96.646884037804;73.218046421791
22/06/2025;0;21.1070064546;31.18349007739;26.071927691747;49.5539019818;94.423180508198;75.652547520311
21/06/2025;0;20.20343777525;34.1929935454;27.292613047504;33.658344280297;93.834900773903;61.315530008066
20/06/2025;0;18.80343777525;35.75768194918;27.6742196828;22.165099226097;91.423180508198;55.423852507099
19/06/2025;0;17.996431320649;33.814087267508;26.269435689099;29.588279734295;82.952112355906;54.92665535455
18/06/2025;0;18.46111972443;33.15768194918;25.779722524008;32;89.882047809904;56.314035760414
17/06/2025;0;19.487999221083;31.980052302141;25.322159937227;32;80.034377752495;52.374774528575
16/06/2025;0;20.52351637721;29.417655946859;24.786795773128;33.834900773903;64.576819491802;47.905350243805
15/06/2025;0.01880167360989;20.250470232171;32.375337896039;25.904918252594;36;80.165099226097;58.814745915908
14/06/2025;0;18.409092645693;32.722370352961;25.859255620673;27;76.658344280297;49.773385955253
13/06/2025;0;15.925602568303;31.833019845219;23.900197028046;31;98.258081282101;62.365562634926
12/06/2025;0;17.531668558561;29.0907017944;23.096581997691;50;92.741918717899;73.190669953488
11/06/2025;0;15.809092645693;36.00377394176;24.994594034647;21.009407618404;82.646884037804;53.397454495793
10/06/2025;0;16.5070064546;31.87419187179;23.797144291611;25.741918717899;70.811983263901;46.248261011592
09/06/2025;0;17.05768194918;28.94231805082;22.86616974487;24.353115962196;54.764836227901;38.4220587274
08/06/2025;0;18.090570890298;27.64002629982;22.877911558067;36;66.612506285309;46.731999055472
07/06/2025;0;18.03888027557;28.68463610164;23.091946976203;49;100;71.3567500233
06/06/2025;0;14.987793661176;27.44231805082;21.046454641344;50;96.353115962196;78.001432406354
05/06/2025;0.20700645460025;15.598648713342;26.097708249;21.048536052366;49;97.612506285309;72.759211769692
04/06/2025;0.46812617902996;18.843464075069;24.12122462621;21.228194273261;59.188016736099;87.611197244297;77.805572054895
03/06/2025;0;15.287999221083;27.733019845219;21.849602813649;39;97.353115962196;72.708278789958
02/06/2025;0.56812617902995;15.926748592552;25.226954152459;20.688057771878;61.576819491802;93.611197244297;82.34518898364
01/06/2025;0.11536389836038;16.86940310738;27.505860430351;21.421773254181;45;96;78.191601165033
31/05/2025;0;14.393859651434;27.35768194918;21.032135551944;47.811983263901;95.165099226097;70.906666389442
30/05/2025;0;16.327894319303;32.166039690439;24.130904223796;26;76.423180508198;48.245954819617
29/05/2025;0;18.096356962342;29.06111972443;23.850544206478;29;68.353115962196;46.735403219583
28/05/2025;0;13.819667779644;30.966039690439;23.477012186052;30.611197244297;68.188016736099;48.194997907263
27/05/2025;0;15.554038911522;26.751821518829;21.093145088587;32.388802755703;64.165099226097;47.320670030121
26/05/2025;0;15.89164255624;27.22580812821;21.573115637644;33;66.388802755703;49.490170526868
25/05/2025;0;13.854038911522;27.408357741258;21.113778828091;35;62;48.616940497904
24/05/2025;0;13.12351637721;23.84231805082;18.765405349146;25.353115962196;50.741918717899;38.905412209061
23/05/2025;0;12.1070064546;23.16468840378;18.110722802923;28;60;43.530435769809
22/05/2025;1.5362523580599;13.373986609381;20.792993842898;17.084534127234;41;95;58.568705570288
21/05/2025;0;14.930522534312;27.066039690439;20.803801108367;29.646884037804;76.258081282101;50.509235578354
20/05/2025;11.144576499165;13.8070064546;24.83658852457;18.505079733592;51.646884037804;95;72.842231470963
19/05/2025;0.21650992260967;16.1092982056;23.4070064546;19.644209052258;45.353115962196;93;64.730997037728
18/05/2025;0;10.220813506395;24.96468840378;18.213383101325;37.188016736099;92;66.712568711096
17/05/2025;0;12.771489298473;25.410649492259;19.050814203179;29;74.6812617903;44.648925058741
16/05/2025;0;14.992788282991;24.6092982056;19.394787419555;19.646884037804;57.811983263901;39.831338014829
15/05/2025;0;12.391436996333;26.94231805082;20.479711958723;28;96.353115962196;54.028331364554
14/05/2025;0;10.482138790732;24.489556067649;17.172703603001;46;98.258081282101;76.852172789437
13/05/2025;0;9.7879992210831;24.08349007739;16.744649080157;44.611197244297;97;71.732643202209
12/05/2025;0;9.9574766867713;23.333019845219;16.556970329661;42.258081282101;98;71.995446450842
11/05/2025;24.263811998345;12.057476686771;19.46583442803;15.123462631158;55.341655719703;97;81.728155785767
10/05/2025;0;12.302217392693;21.117655946859;16.582082445763;47.776296470394;89.576819491802;69.291251121819
09/05/2025;0.38463610163962;10.715158635951;18.508357741258;14.699336044721;61.411720265705;89;76.855426579739
08/05/2025;0.049529767829002;6.8679206191227;20.573046145039;14.289156755671;42.188016736099;86;63.92890700315
07/05/2025;1.6768200867986;9.9963569623416;17.010575133951;13.055568102788;46.964313206493;92.741918717899;70.809392011769
06/05/2025;0.41765594685896;8.6904965319906;17.248384041078;13.087167744235;47.929935453997;84;66.157602016362
05/05/2025;4.3156997673722;10.815158635951;18.62351637721;14.684567821723;63;96;79.629123408464
04/05/2025;15.817712492652;14.071489298473;20.826013688117;15.83228506348;63.741918717899;97;86.654511732229
03/05/2025;0.49528529639997;11.898443153434;24.575337896039;18.114195892102;34;97.353115962196;69.772069685658
02/05/2025;0;10.679641479825;24.86468840378;17.736575840502;36.741918717899;91.940652113413;66.373567593646
01/05/2025;0.016509922609667;9.0407612042543;25.17419187179;17.6452464424;37;96.388802755703;64.049407997368
30/04/2025;0;9.6479729212635;25.38349007739;17.393429771054;34.646884037804;97;67.729246336021
29/04/2025;0;11.402291751;24.166039690439;17.515519784134;49.353115962196;94;73.46565899523
28/04/2025;0;10.971694858381;22.61650992261;16.638366524432;52;97;78.908324267221
27/04/2025;4.4879251602737;12.902291751;22.883695637298;16.511983150599;44.671854171896;97;73.83746403972
26/04/2025;0;10.084561445834;22.16468840378;16.405406093482;41.646884037804;77.811983263901;60.948026474055
25/04/2025;0;10.745886730171;22.7092982056;16.699558148506;29.646884037804;68;50.271506773508
24/04/2025;0;9.6328145828104;20.94231805082;15.674653712506;38.5539019818;76;54.73383074385
23/04/2025;0;11.78463610164;20.98119832639;16.019961821912;33.423180508198;81.6812617903;57.813650950279
22/04/2025;0;11.466980452279;23.5;17.28059455236;31.423180508198;73.341655719703;54.589012582833
21/04/2025;0;7.9092979081021;20.5;15.108558462025;47.165099226097;100;67.555541072267
20/04/2025;2.6311561340528;6.4728405851316;18.94231805082;13.714300549405;47.165099226097;100;77.904464610734
19/04/2025;3.7622089053871;11.542112788411;18.912866884951;15.561718045141;43.423180508198;90;68.87638528486
18/04/2025;0;6.4303172719029;19.951821518829;13.190792032191;34.423180508198;85.353115962196;62.195561067328
17/04/2025;0;7.8469018503186;16.531874118468;11.612298412725;49.411720265705;84;69.113785242008
16/04/2025;1.9091673014992;10.2070064546;15.58463610164;12.291882132388;69.776296470394;97.741918717899;85.333981771487
15/04/2025;0.99306790370747;13.22580812821;17.56468840378;15.177910828275;84;96.741918717899;92.230464860291
14/04/2025;3.1267488900505;13.1070064546;16.737734548819;14.766155032932;82.576819491802;99;92.451539724916
13/04/2025;5.8882788417997;13.06468840378;14.88349007739;13.675389339771;63.388802755703;99;86.85947188408
12/04/2025;0.11650992260967;10.131668558561;20.266980154781;15.616549752665;45.611197244297;98.741918717899;71.572078875728
11/04/2025;0;7.7198730420531;20.247032456921;13.767184172504;55;99;83.311826559825
10/04/2025;0;7.2704744758237;20.263542379531;13.203461954227;55.611197244297;100;81.31887220692
09/04/2025;0;9.189144947834;17.73888027557;13.213073305932;69.611197244297;98;85.746016784873
08/04/2025;0;6.7491189455128;19.2047147036;13.29025479339;48.741918717899;98;77.914787732837
07/04/2025;0;8.1030269529333;20.597708249;13.971905652292;38.683314414389;95;60.172590904837
06/04/2025;0;6.9362520605616;25.750470232171;17.58002666775;22.258081282101;100;48.490139792155
05/04/2025;0;8.2608398062147;21.43187382097;14.531104374896;35;90.811983263901;66.210181408492
04/04/2025;0;7.7656288681224;20.18119832639;13.745427066074;45.388802755703;92.188016736099;71.147038826988
03/04/2025;0;9.3244568415519;19.033019845219;13.509622867234;55;88.741918717899;72.260698843379
02/04/2025;0;8.3140129092005;16.16468840378;12.294503356337;49;83;68.320114291937
01/04/2025;0;8.9834900773903;17.873046145039;12.979592572913;39.423180508198;67.811983263901;49.174329769288
31/03/2025;0;12.74231805082;20.78349007739;16.063147494119;16.811983263901;53;36.184691171942
30/03/2025;0;10.612866884951;19.748178481171;14.912242189042;22;54;40.395074367154
29/03/2025;0;9.3597684377715;15.548178481171;12.518535120963;40.646884037804;63.223703529606;50.698589386205
28/03/2025;0;8.1363832621611;19.880052302141;13.990702009299;34.646884037804;73;53.643164574654
27/03/2025;0;10.76468840378;18.16468840378;13.738250831344;44.423180508198;74.353115962196;60.125422966728
26/03/2025;0;10.282138790732;19.08349007739;14.268445852655;41.258081282101;76.576819491802;59.162229502183
25/03/2025;0;6.4081524788495;19.15768194918;13.062448733981;47;98.388802755703;71.454960275809
24/03/2025;2.8799144799237;7.9939343072401;15.767185714688;10.982430697377;63.258081282101;99;86.448057332725
23/03/2025;0.17419187178986;5.8;14.82351637721;10.436631586841;63.188016736099;99;88.450052651229
22/03/2025;26.053957932596;9.3646884037804;16.16468840378;13.02979712996;71.165099226097;96.834900773903;87.301049488366
21/03/2025;8.4117952190096;9.205860430351;18.671694858381;13.489000790989;55.353115962196;93.188016736099;77.286115267224
20/03/2025;0.016509922609667;8.3574766867713;13.74932450542;11.162585790486;60;80.929935453997;72.559788659159
19/03/2025;0;3.6312577362449;12.405860430351;9.1716050245777;54.964313206493;87.165099226097;71.198573123381
18/03/2025;0;2.1351063338106;16.98463610164;9.7048510651;42.576819491802;94.646884037804;71.61472412335
17/03/2025;0;1.8880738768891;14.531668558561;8.1323860694213;40;79.542441739307;62.076311246985
16/03/2025;0;-0.22715941486837;12.290496531991;6.0912861191876;39.542441739307;89.223703529606;66.413627795445
15/03/2025;0;2.6163046602007;12.229376807561;7.5083205111404;43.741918717899;90.024226551015;71.769838467342
14/03/2025;0.65539019817997;5.5423180508198;8.0918478186488;6.555519958804;67.258081282101;86.353115962196;75.678398634376
13/03/2025;0.31994769785918;6.74460980182;10.95768194918;8.6292046565596;60.258081282101;86.646884037804;76.370640815682
12/03/2025;0;7.8762783603811;16.47419187179;11.10442393794;54;97.576819491802;81.092254907753
11/03/2025;17.976062203574;7.4481784811708;13.4070064546;10.448022012973;86.741918717899;98;94.370287112133
10/03/2025;2.4337553446508;9.6235163772099;16.189556067649;12.139823858795;70;99;88.400551953892
09/03/2025;28.502666353291;10.530522534312;14.74231805082;11.977705817295;56;99;79.249914597954
08/03/2025;0;8.6656288681224;16.7;12.312203254095;56.165099226097;94.741918717899;72.326015093318
07/03/2025;0.39413956964904;4.8961514024343;15.777629647039;11.082730582904;57.811983263901;93;73.899535340301
06/03/2025;0;3.4925827230835;17.51650992261;9.9059722568159;45.611197244297;99.388802755703;75.199373478363
05/03/2025;0;2.8561994609224;17.33888027557;8.8400920295003;39;96.258081282101;74.227752212326
04/03/2025;0;3.0502646722637;17.533019845219;9.083510133124;35;93.258081282101;70.481210795855
03/03/2025;0;2.795080033991;16.91650992261;8.750037412002;36;91.070064546003;68.093939476743
02/03/2025;0;5.3022917510002;15.689350507741;9.1595366104187;35.423180508198;80;59.266060169399
01/03/2025;3.1256772241089;5.1070064546003;11.243463777571;7.4809709697526;52.258081282101;83;67.6234821916
28/02/2025;0;6.6092982056005;13.924662103961;9.6880935465831;34.258081282101;59;48.469816144912
27/02/2025;0;3.8117208607019;16.97419187179;10.185928648414;42;79;59.749328001099
26/02/2025;0;5.3140129092005;14.455184935771;9.347157164406;36.541132698294;77.188016736099;56.347685372995
25/02/2025;0;8.8635426770295;14.756536222429;11.21904686626;53;100;81.744662358684
24/02/2025;0;8.6083577412585;14.44002629982;10.810346286365;84;99;95.615201509496
23/02/2025;6.0728980234202;8.8131468031662;12.185781828391;10.627571859052;94.811983263901;99;96.7593209804
22/02/2025;12.826030905635;11.34231805082;12.7070064546;12.023196402934;87.188016736099;98;93.652155288296
21/02/2025;0.22614429472032;4.6291712476536;12.91044422985;10.22237564162;78.576819491802;99;89.337409496345
20/02/2025;0;7.9821387907321;13.4;10.733773448002;79;96.834900773903;89.438258842221
19/02/2025;0.32695415245943;8.6952112355906;13.656536222429;10.660299682912;73.741918717899;94;86.051220416416
18/02/2025;0;2.9986487133418;12.248178481171;7.8964821888904;69.423180508198;98.811983263901;86.166721210042
17/02/2025;0;2.6434637775707;14.895210938092;7.7818859378003;35.776296470394;97.811983263901;69.75454649915
16/02/2025;0;-0.97095965644764;14.049529767829;5.5720525194982;50.846361016396;93.388802755703;76.946454246237
15/02/2025;0;0.8219595306444;12.05539019818;5.3678231016275;42.423180508198;83.070064546003;61.286642905328
14/02/2025;0;5.0011460242493;11.521167782918;8.2312788877956;43.55184935771;94.070064546003;65.171997010059
13/02/2025;0.37041822752853;8.8258081282101;16.133019845219;11.150081003962;63.423180508198;99.834900773903;88.800393628331
12/02/2025;4.6012947408647;9.4092982056005;13.36583442803;11.103182560419;85.929935453997;100;94.571826837049
11/02/2025;8.0975773448984;9.2235163772099;12.73281458281;10.451896781218;81.541132698294;97.741918717899;93.982992232274
10/02/2025;0;6.6117208607019;13.610649492259;9.8909752134243;68.646884037804;97.576819491802;89.279426330183
09/02/2025;0.21650992260967;3.950470232171;12.245886730171;7.5576834097841;66;95.646884037804;86.26973692643
08/02/2025;41.924522363486;4.4258081282101;9.2493245054201;6.7205425948657;89.741918717899;99;95.323228384733
07/02/2025;2.9752635377314;-0.57190012078963;10.945886730171;6.3552182992655;76.576819491802;92.353115962196;86.1530247825
06/02/2025;0;1.7258081282101;12.408152181351;6.4266494239831;49;84;66.835751618566
05/02/2025;0;2.2787013129809;12.085707470083;6.1980784460941;41.353115962196;79.706231924391;64.352522067417
04/02/2025;0;0.43510633381062;12.22809987921;5.8454629771327;48.165099226097;91;69.527806732955
03/02/2025;0;3.5846361016396;11.47648362279;6.3483318083658;50.811983263901;83;71.183429817595
02/02/2025;2.4880738768891;3.994139569649;11.570623192439;6.3834032147403;62.258081282101;90;79.4906790196
01/02/2025;9.1901606629788;4.5669801547807;9.8811983263901;6.3408466971234;63;95;80.27200784436
31/01/2025;0.2388802755703;5.6423180508198;12.36111972443;8.7814796043909;57;92;74.912198395597
30/01/2025;47.205711713736;7.8092982056005;12.12351637721;10.173738240941;80.423180508198;99.411720265705;92.043801930592
29/01/2025;0;4.4902909720833;14.258827973429;9.9371311033841;51;87.576819491802;72.004852833289
28/01/2025;3.0345757992898;7.4493245054201;11.5047147036;9.5785731087071;60.576819491802;97.329454869116;76.191819338535
27/01/2025;0.25768194918019;11.631463296152;17.18119832639;14.021440961229;74;96.188016736099;89.502080844508
26/01/2025;0;4.3115899566007;12.8070064546;9.4828110048034;63.165099226097;98.834900773903;85.281891612952
25/01/2025;4.2086189544642;9.1104442298498;16.7070064546;13.513388163708;71.611197244297;94.541132698294;85.27115306996
24/01/2025;0;0.61994740036082;12.736383262161;7.7148207481365;64.423180508198;95.576819491802;82.656445333392
23/01/2025;0;6.362265748679;16.894139569649;10.829960536871;63.035686793507;97;85.028611379354
22/01/2025;20.719816198761;9.5904965319906;11.76583442803;10.658466120246;87.353115962196;98;93.487429396757
21/01/2025;1.5647624645898;5.250470232171;12.96468840378;9.1865104270194;71.165099226097;95.741918717899;85.755054867924
20/01/2025;0.69413956964904;2.6070064546003;10.577629647039;6.6017111819314;66.165099226097;94.576819491802;81.777431135637
19/01/2025;0.057681949180189;1.8506757920783;13.102291751;6.4442322796104;44;86.388802755703;69.478970860553
18/01/2025;0;-1.4106491947603;9.5574766867713;3.6572969182282;50.611197244297;90.834900773903;71.507670400544
17/01/2025;0;-0.89299354539975;11.522370352961;4.8792645495537;41.423180508198;88.646884037804;67.116071127658
16/01/2025;0;1.755184935771;11.041172026571;5.0638793553081;51;86.353115962196;70.989253911169
15/01/2025;0;0.44817848117078;8.9292459034597;4.2257907595461;34.258081282101;77.741918717899;59.029958383662
14/01/2025;0;-0.32351607971157;7.1353115962196;2.3648306387645;44.611197244297;68.741918717899;59.364254035127
13/01/2025;0;0.20114602424929;6.1258081282101;2.6030241528927;44;65.353115962196;56.187218543925
12/01/2025;0;2.3904965319906;6.3258081282101;3.8676515285171;40;57.576819491802;48.26288865068
11/01/2025;0;3.9904965319906;11.255259294079;7.3907113040876;37.929935453997;85.458867301706;66.735678819009
10/01/2025;0;4.810575133951;9.6811983263901;7.2165385805268;53.611197244297;79.811983263901;68.395504755764
09/01/2025;0;4.9235160797116;15.066980154781;10.365700246663;50.611197244297;99.741918717899;79.37744184598
08/01/2025;0;3.8681258815316;15.24932450542;10.108483905656;64.611197244297;97.423180508198;85.520582735929
07/01/2025;0;4.8233108173026;13.697708249;9.5419889722256;53.611197244297;92;69.778214979879
06/01/2025;3.235106631309;10.42351637721;14.7070064546;13.10868585556;63.811983263901;96;84.339373956178
05/01/2025;0.5388802755703;5.4258081282101;14.1070064546;10.501677788093;80.353115962196;98.188016736099;90.224431535369
04/01/2025;0;1.7400262998196;7.5411720265705;4.9147399952417;58.423180508198;92.188016736099;70.358667361638
03/01/2025;0;3.5811983263901;10.16583442803;7.495010327506;56;84.870587567411;70.068620168242
02/01/2025;0;6.4316685585611;12.36583442803;9.1130582753944;69;87;79.820247063393
01/01/2025;0;0.98799922108307;9.3846361016396;6.2116230218451;74.929935453997;98.576819491802;86.952494621166
31/12/2024;0;-1.58254931555;9.9648936661894;2.9040008540972;71;97.576819491802;88.569629607867
30/12/2024;0;-1.1470324569215;10.02351637721;3.3338943388083;56.258081282101;92;77.196054840256
29/12/2024;0;0.047972921263481;14.31536389836;6.0851084377985;40.423180508198;84.611197244297;62.623273106956
28/12/2024;0;-1.710575133951;14.571694858381;3.4234530457145;47.070064546003;96.517471605215;79.101735226862
27/12/2024;0;-2;12.13531159622;3.1125650824871;44.811983263901;96.188016736099;77.867434270832
26/12/2024;0;-0.34838404107807;12.124662103961;5.1807497986262;46;89.070064546003;66.45277034455
25/12/2024;0;5.4223703529606;11.08349007739;7.6488990159192;40.811983263901;64.353115962196;53.604980176221
24/12/2024;0;3.8811986238885;11.2;7.6710682727259;38.811983263901;81.576819491802;51.876486949729
23/12/2024;0;2.4868531968338;11.14231805082;7.4334045155805;39;76.258081282101;52.067525202613
22/12/2024;0;4.1822131490398;15.75539019818;9.700875290913;42.165099226097;89.646884037804;67.14605294811
21/12/2024;0;2.4330198452193;13.92958206997;7.3795619271038;53;81;67.822971930679
20/12/2024;0;3.3364576204688;10.941172026571;6.9781915421615;36;74.223703529606;53.007216575145
19/12/2024;0;6.2081521813512;14.033019845219;9.4638024552599;52.811983263901;99;79.695475417367
18/12/2024;0;4.0351060363123;14.14002629982;8.599636433764;67;98;86.835126865117
17/12/2024;0;0.28078750407388;11.817655946859;6.4561284683934;73;96;87.2406790196
16/12/2024;0;0.7574763892729;13.26468840378;6.8333619292717;52.423180508198;94.811983263901;74.54306821435
15/12/2024;0;3.7869281501382;11.38119832639;7.0171748597675;45;81.834900773903;68.064339088046
14/12/2024;0;3.4107057405539;11.961194380236;7.1697517981323;67.519524229305;99;88.667051228886
13/12/2024;12.018334602999;1.5047147036;6.2576819491802;4.4230279336394;82.646884037804;98;91.803374949671
12/12/2024;0;1.6377345488194;11.141172026571;4.871533364987;52.423180508198;87;72.970072598966
11/12/2024;0;3.7011460242493;10.15539019818;5.8067964556123;57;78;71.114222928541
10/12/2024;0;4.5316685585611;10.341172026571;6.6972813729076;53;76;66.680933304283
09/12/2024;0;4.8022920484986;9.9423180508198;7.23728415472;60.576819491802;78.834900773903;70.721582985485
08/12/2024;0;3.0937287473328;12.522370352961;8.3970958355994;47.423180508198;81.447407059213;60.742018478069
07/12/2024;0.38349007739033;4.2764836227901;12.750675792078;7.7326643652546;56.423180508198;89;71.035172218423
06/12/2024;0;4.5834900773903;14.66468840378;8.9938033742668;53;88;70.128959902295
05/12/2024;0;3.8939340097417;11.4;6.7499930364947;47;82.741918717899;61.516060169399
04/12/2024;0;6.5411720265705;11.58119832639;8.5093594614137;42.423180508198;63.611197244297;54.033160637095
03/12/2024;0;6.4869278526398;12.891847818649;9.0414698039374;52;89.646884037804;69.122080643917
02/12/2024;0.24231805081981;3.2998687984004;14.288410043399;7.9493716775202;75;100;93.672505378834
01/12/2024;0;5.228099581712;15.048178481171;9.2642688707523;66;97.741918717899;86.487728804846
30/11/2024;0;1.9611197244297;12.57419187179;7.0752332883186;70.423180508198;99;88.041612247249
29/11/2024;0;4.9611197244297;14.84231805082;10.523946754534;57;92.353115962196;75.536813957336
28/11/2024;0;3.5939340097417;17.558827973429;9.924868574525;60.258081282101;99;84.425370191541
27/11/2024;0;4.4586224135222;17.094139569649;9.496909216884;51.646884037804;95;79.615139668197
26/11/2024;0;9.3834900773903;16.258827973429;12.263826904544;54.811983263901;94.834900773903;77.272656282513
25/11/2024;18.239758465997;12.457476686771;16.3070064546;14.821328654658;77.353115962196;92.576819491802;80.814081214931
24/11/2024;2.4762218145876;10.403568679351;16.42351637721;13.205948233521;74.741918717899;96;87.253629635536
23/11/2024;2.184431136729;-2.2130721473602;10.9047147036;5.245495272997;52.034377752495;91.929935453997;67.924391734544
22/11/2024;0;0.68247525474063;10.112866884951;6.2419924882537;34.740609676886;70.576819491802;55.180660711363
21/11/2024;0.4388802755703;4.3870587567411;14.49393430724;8.1445402110685;61.646884037804;93.834900773903;79.645159769201
20/11/2024;0.91502802934856;6.4258081282101;14.44002629982;11.227734598151;51.811983263901;89.576819491802;72.477751840453
19/11/2024;0;5.3246621039609;16.21650992261;10.90979773592;56;93.576819491802;76.390613641924
18/11/2024;0;6.0351063338106;14.998648713342;10.10741091066;54;92.188016736099;73.394181436161
17/11/2024;0;5.2586224135222;18.622370352961;11.16463065058;56.423180508198;98;79.589595012229
16/11/2024;0;2.0893505077413;10.98349007739;6.782049394295;77;96.388802755703;88.779395347555
15/11/2024;0;3.056330662522;15.024662103961;8.5524577178717;51;93.646884037804;73.464117502125
14/11/2024;0;7.7423180508198;12.880052302141;9.2320185346052;49;74.188016736099;64.156250720637
13/11/2024;0;7.0423180508198;12.75768194918;8.9672451207331;60;82.388802755703;73.550510260921
12/11/2024;3.1883356850916;7.6646884037804;12.324662103961;9.8775117149907;49.576819491802;91;72.151953501575
11/11/2024;0;9.7904965319906;14.803568679351;12.005086396447;57;85.165099226097;72.111750223891
10/11/2024;0;9.7821387907321;19.6;14.39023952418;59;97.576819491802;81.396029387362
09/11/2024;10.605599217145;12.78349007739;15.522370352961;14.13358173896;69.741918717899;100;91.165319786316
08/11/2024;0;9.5163046602007;18.624456841552;13.730349084871;59;98;82.466815926116
07/11/2024;0;11.346827194513;20.591847818649;15.066321415168;50.059347886587;96.646884037804;78.181919307118
06/11/2024;0;10.638543811562;18.42580812821;14.007253864571;73.576819491802;100;92.344226789467
05/11/2024;0;10.973986311883;18.790496531991;14.253889382038;74;98.811983263901;90.312389595933
04/11/2024;0;8.6421124909125;20.36583442803;13.290109724988;68.776296470394;99;88.587153166249
03/11/2024;0;8.3811983263901;20.06468840378;12.799217694907;60.165099226097;98;85.570475541324
02/11/2024;0.042318050819811;8.3634111779316;20.549324207922;13.692935554547;57.165099226097;97.646884037804;81.892516260458
01/11/2024;0;9.6988542732491;22.68349007739;14.261654261094;48.423180508198;100;82.920956711763
31/10/2024;0;11.92809987921;23.275132336132;15.636726498575;55.423180508198;98;84.117557953429
30/10/2024;0;11.92809987921;23.16468840378;16.148462531992;56;99;85.582207509033
29/10/2024;0;13.431668261063;23.166980154781;17.239826403959;63;97;85.130330343392
28/10/2024;0;12.739820739912;21.68119832639;16.668198004299;68;98;88.408801777325
27/10/2024;11.657363000187;14.398648713342;18.547032456921;16.020812387681;83.188016736099;97.576819491802;94.642185869742
26/10/2024;11.612205148831;15.18119832639;20.55539019818;17.316311563108;70.165099226097;96;85.466198222675
25/10/2024;20.853664904227;15.956536222429;22.02351637721;18.095253745124;72;97.576819491802;89.093388277891
24/10/2024;8.426218653028;13.140966764162;19.94002629982;16.364823392466;85.188016736099;99;92.069213939062
23/10/2024;0;13.287999221083;22.76583442803;17.446038221374;60.423180508198;83.188016736099;70.023307603215
22/10/2024;0;13.375132336132;24.66468840378;18.630737656642;56.258081282101;98.388802755703;78.787652468912
21/10/2024;0;11.962060188772;24.314218171609;17.47803453326;58;95.646884037804;81.780851438614
20/10/2024;0;12.947972921263;23.78349007739;17.168487583833;48.811983263901;90.811983263901;71.630384886768
19/10/2024;0;11.254038911522;22.74002629982;16.457474558354;55.741918717899;98;79.93000196878
18/10/2024;0;11.231462998654;20.697708249;14.830503172202;53.811983263901;94.576819491802;78.762912335385
17/10/2024;1.8614558909399;13.973986609381;23.12351637721;19.832043272144;73.353115962196;94.188016736099;87.202641864511
16/10/2024;9.4881594270934;17.84231805082;23.348178481171;20.647786405767;72;96;84.880423043362
15/10/2024;2.0351063338106;14.28119832639;24.48463610164;18.861188600185;63.258081282101;99;88.446508541697
14/10/2024;0.17742438463043;14.215232994259;18.38119832639;16.731205025051;95;100;98.354448122742
13/10/2024;0.21044422984977;14.698648713342;22.18119832639;17.337209954137;72;98;90.6794699153
12/10/2024;5.0209625205089;8.5210190663024;17.676483920288;14.115014334529;71.258081282101;98;86.42354567713
11/10/2024;0;8.9952852964;21.31650992261;15.015462886065;42.6812617903;86.751326336302;67.038906525335
10/10/2024;0.37419187178986;13.193199105307;21.508357741258;17.696047437617;45.576819491802;91.3187382097;64.88224025985
09/10/2024;0;13.686853494332;22.756536222429;18.687366546293;71;98.3187382097;86.718811120662
08/10/2024;17.758378417834;13.479847039732;22.66812617903;18.389829576596;59;98.576819491802;86.720659071863
07/10/2024;2.5253347344796;14.64231805082;22.0047147036;18.325218588776;83.741918717899;99.388802755703;91.218442821267
06/10/2024;1.0789065753899;8.6644828438732;14.72580812821;12.651647080304;83;93.741918717899;89.244246689879
05/10/2024;0;8.7444042419127;19.990496531991;13.678112917684;41;83.682570831312;62.258805189745
04/10/2024;0;10.58463610164;19.075337896039;14.697167704899;41;75.576819491802;54.695076011385
03/10/2024;0;12.3092982056;21.294139569649;16.633496323499;37;71.165099226097;53.734277271325
02/10/2024;0;16.004714406102;19.9;17.65967777222;52.6812617903;97;69.54034635357
01/10/2024;0.29656222475049;13.765834130531;23.056536222429;18.591028393981;67.188016736099;98.188016736099;88.99163391585
30/09/2024;0;11.678701015483;23.88463610164;17.280186774914;58;94.423180508198;74.539139418641
29/09/2024;0;9.9682570831312;21.522370352961;14.833454106754;37;84.423180508198;55.989021017863
28/09/2024;0;11.9047147036;20.94231805082;15.951324285006;40;71.834900773903;54.107398461453
27/09/2024;0.59528529639997;12.466905796473;23.482344350639;17.945614519301;45;93.834900773903;66.670571901628
26/09/2024;4.2776296470394;17.34231805082;25.077629647039;21.267752484875;50.646884037804;92.811983263901;78.174978207441
25/09/2024;0;12.554038911522;22.94231805082;18.0550626036;54.611197244297;98.258081282101;80.369584254562
24/09/2024;0;13.483284814981;23.26111972443;17.222511525776;49;97.576819491802;76.640575361372
23/09/2024;1.5906443561109;14.431668558561;24.858827973429;19.028444604802;44;97;72.107899532304
22/09/2024;81.820016352508;15.873986609381;24.85539019818;19.394758891148;61.129412432589;97;81.01946433351
21/09/2024;0;13.731462998654;25.47419187179;19.246777689091;45;90;72.315700936116
20/09/2024;0;12.465628570624;25.408357741258;18.164758387506;46;99;74.948503984159
19/09/2024;0.1;11.677424087132;25.91650992261;17.790443215081;42;95.834900773903;75.57698637635
18/09/2024;0;12.315158635951;25.23888027557;17.771802654287;38;93;71.690370793315
17/09/2024;0.25997399767877;15.42580812821;22.77648362279;18.479596388573;45;80.353115962196;59.806717148525
16/09/2024;0;15.741172026571;24.65768194918;19.239460489872;26.646884037804;50;39.434291765961
15/09/2024;0;13.573986609381;22.98463610164;17.919179161033;24.388802755703;53.646884037804;39.372636258143
14/09/2024;0;13.556536222429;21.54231805082;17.180744443455;27.070064546003;55;42.65784663316
13/09/2024;0;10.556330662522;19.791847818649;15.414984959215;28;64.223703529606;44.94314253418
12/09/2024;0.2;12.2070064546;20.842523610727;15.849949225101;28;84.576819491802;54.915203277684
11/09/2024;2.9049196685106;14.968257083131;24.08119832639;18.401786984005;44;91.646884037804;66.386622757
10/09/2024;0;15.576483920288;26.014087267508;19.89625842986;35.035686793507;82.965622247505;58.357953951722
09/09/2024;0;15.397708249;27.169477465688;20.647590475696;39;84.776296470394;63.246149308414
08/09/2024;6.7989286315567;16.611795516508;23.109503468009;20.124004972682;75.423180508198;95;86.156499876767
07/09/2024;0;16.398648713342;29.78349007739;24.193849817594;52.741918717899;90.611197244297;69.884351963028
06/09/2024;0;14.22580812821;27.127159414868;20.265467069906;47.576819491802;94.388802755703;72.986288976611
05/09/2024;0.51051829065912;15.54002629982;25.915364195859;20.323418481927;42.576819491802;97;71.498536611018
04/09/2024;13.205432688016;17.16468840378;24.9;21.233840734663;73.646884037804;97;84.57647775966
03/09/2024;0.24231805081981;17.529171247654;28.994139569649;23.552960394656;54.117952190096;88.811983263901;68.524480672967
02/09/2024;0;18.337528988912;32.29184752115;25.009718798397;33;82.646884037804;59.42168601263
01/09/2024;0;18.068051523224;30.326013688117;24.084207869662;38.258081282101;78.423180508198;59.53896106871
31/08/2024;0;18.936177702254;33.533019845219;25.34583181177;28.353115962196;92.811983263901;64.058650873646
30/08/2024;0;19.106800894693;32.97190012079;25.070539360249;34.423180508198;96.716948583807;69.462906275779
29/08/2024;0;18.799794440093;32.6907017944;25.130223592458;36.258081282101;94;66.380753310121
28/08/2024;0;19.371694560882;32.53888027557;25.293092059932;42;90;67.487526894168
27/08/2024;0;19.83531159622;33.07419187179;25.531769613066;37;69.070064546003;50.496878733239
26/08/2024;0;17.82122462621;30.036457620469;23.792467236913;23;58.388802755703;40.641670203044
25/08/2024;1.5316685585611;18.66812617903;27.896636880557;23.285625019202;42.576819491802;96;64.544193914692
24/08/2024;0.074191871789857;19.445755826069;30.410649492259;24.552740757489;53.423180508198;95.411720265705;77.779872733701
23/08/2024;0;14.603363119443;32.21536389836;23.542519060203;31.423180508198;96.822699923317;67.590818209981
22/08/2024;0;17.132739927004;32.6907017944;23.951248207073;20.811983263901;79.716948583807;44.866517531175
21/08/2024;0;20.76468840378;31.443669337478;25.583297307561;29;56;44.016169132193
20/08/2024;0;20.122295994653;33.366039690439;26.195859862833;31.423180508198;59.423180508198;46.23899028315
19/08/2024;0;19.58463610164;28.96468840378;24.189743118296;39;60;49.375
18/08/2024;0;20.02580812821;29.991847818649;24.224336346753;31;68.776296470394;53.592044280089
17/08/2024;2.4905921085618;20.048178481171;32.623721639619;25.818142757304;45.011460242493;92.423180508198;71.428914796904
16/08/2024;0.089424866049005;19.831668558561;31.24838374358;24.500710522563;50.423180508198;92.811983263901;78.610562558292
15/08/2024;1.2791118377988;21.26239665278;32.57419187179;25.105187677228;42.811983263901;92.646884037804;68.355224793019
14/08/2024;0;22.066980154781;32.340231562229;26.552503678303;42;79;60.399903639696
13/08/2024;0;21.3070064546;31.309503468009;25.748364472412;51.423180508198;95;72.913013594341
12/08/2024;0;21.356461566623;33.976689182697;27.071550333834;38.165099226097;90.846361016396;65.899138940825
11/08/2024;0;21.372840585132;35.109503468009;28.002266726226;33.811983263901;84.258081282101;60.369883538692
10/08/2024;0;23.385707470083;36.72257561537;29.272598186942;30;78.423180508198;48.965996435954
09/08/2024;0;22.021150267902;37.882549613048;30.090037863912;21;55.776296470394;36.045540919
08/08/2024;0;23.550470232171;35.582549613048;28.867721513624;36;69.646884037804;49.695499102071
07/08/2024;0.01880167360989;20.815158635951;34.668331441439;27.221141656746;32.811983263901;94.423180508198;61.350232014308
06/08/2024;0.016509922609667;20.652687624864;36.14838374358;27.670185440417;28;80.070064546003;51.4537252408
05/08/2024;0;22.08349007739;35.785987388298;27.383952311442;27.423180508198;69.811983263901;50.357619517504
04/08/2024;0;22.562527556881;34.363747939438;27.910303726229;29;59;45.201539724916
03/08/2024;0;21.54359497917;33.64002629982;27.595624317606;26.258081282101;86.611197244297;50.606695479924
02/08/2024;5.4441533281085;21.786853494332;37.588410043399;29.570124309942;28.258081282101;87.258081282101;55.498904910413
01/08/2024;0;20.515158635951;37.596767784658;29.494482384875;29.070064546003;88;57.707152965658
31/07/2024;0;22.596356962342;33.87419187179;27.757442035194;38;97;67.904395471512
30/07/2024;0;18.971489298473;34.098853975751;26.81279535247;34.576819491802;91;65.833694458763
29/07/2024;0;20.829171247654;35.754244173931;28.296876013515;36.576819491802;79.165099226097;56.579288028992
28/07/2024;0;19.992788282991;35.464893666189;27.347169232015;33.811983263901;94.646884037804;61.562610528025
27/07/2024;0;18.264482843873;30.151821518829;24.51612615291;46.258081282101;93.258081282101;71.726664296705
26/07/2024;0;20.279847039732;34.35768194918;27.010095818471;30.423180508198;82;51.137093093139
25/07/2024;0;19.617655946859;33.533019845219;26.582847332608;31;66.834900773903;48.118567393055
24/07/2024;0;22.494065211341;33.027159414868;27.080000956194;31;67.165099226097;49.943589185614
23/07/2024;0;21.754038911522;33.677629647039;27.1069777471;32;59.188016736099;48.970573669817
22/07/2024;0;20.676483920288;30.571769216688;25.746736872622;39.834900773903;78.834900773903;58.157644722482
21/07/2024;19.846149133369;18.348178481171;25.908357741258;21.968995979799;61.070064546003;94.576819491802;79.6160710037
20/07/2024;0;20.329171247654;35.65768194918;27.910611710422;30;71.353115962196;52.498819632324
19/07/2024;0;18.839820739912;36.027159414868;27.006708739212;27;79.6812617903;54.675253806867
18/07/2024;0;20.503157857035;35.37075409654;27.16884029653;24;63.423180508198;45.047928345562
17/07/2024;0;20.745886730171;32.110649492259;26.218839210951;29;57.188016736099;44.352398260862
16/07/2024;0;20.276278360381;33.67190012079;27.197537195973;33;94;57.794640566126
15/07/2024;0;19.558622413522;28.35768194918;23.653256661836;60.353115962196;95;79.900074567746
14/07/2024;0;17.251747160522;30.3907017944;23.864789322952;30.576819491802;87;57.053759759805
13/07/2024;0;16.58119832639;29.466039690439;22.458740281821;25;83.376033472198;49.346020073335
12/07/2024;0.31650992260967;20.48463610164;30.68119832639;25.472113720176;45.258081282101;91;66.699365932524
11/07/2024;0;19.548178481171;35.733019845219;27.338252027465;32.258081282101;93;62.003897937038
10/07/2024;0;17.044535443512;31.297708249;24.22564124801;34.811983263901;91.035686793507;62.783630725318
09/07/2024;0;17.782138790732;30.07419187179;23.994484525688;33.646884037804;95.834900773903;62.065444358105
08/07/2024;0;17.321019066302;31.18349007739;24.136139290424;33;88.811983263901;55.726443364612
07/07/2024;0.13531159621956;16.82580812821;29.947238016829;22.832639223366;37.834900773903;93.258081282101;62.503703324284
06/07/2024;8.4174503869517;18.466980154781;26.666039690439;21.654837487304;58;95.811983263901;81.938173440175
05/07/2024;0;19.465965332131;30.89656222475;24.509915772688;35;87.165099226097;56.980372160321
04/07/2024;0;14.813807349293;30.958827973429;24.079070710713;34.188016736099;72;49.832824840601
03/07/2024;0;16.412866884951;27.775337896039;22.193199262399;32;68;52.203950588268
02/07/2024;0;18.9070064546;26.377629647039;22.461762029056;39.576819491802;64.388802755703;50.648502092012
01/07/2024;0;20.514012611702;29.377629647039;24.692331290778;34;72.188016736099;51.174500697337
30/06/2024;0.1;17.080052302141;29.15768194918;23.451649853125;43.611197244297;88.493245054201;63.643362069957
29/06/2024;5.9256146526946;19.397502689092;27.9;22.801175049329;55;92;81.141145571445
28/06/2024;0;19.456330662522;31.998853975751;24.691500062326;42.576819491802;89.423180508198;70.442800802038
27/06/2024;0;18.117450386952;32.52351637721;24.460416031419;43.576819491802;94.834900773903;70.932812238112
26/06/2024;0;18.624456841552;27.13531159622;22.62985097833;56.4460980182;94;75.67929898725
25/06/2024;0;16.455184935771;27.609503468009;22.037417284004;52.811983263901;91.388802755703;74.192665395949
24/06/2024;0;18.61307214736;29.640231562229;23.730548807191;40.834900773903;86.165099226097;58.369413326512
23/06/2024;0;14.424662401459;25.88349007739;21.065796376158;37.834900773903;81;55.952739237964
22/06/2024;1.6764836227901;16.32122462621;25.401146024249;20.394166492122;40.576819491802;86.258081282101;63.872810192699
21/06/2024;0.2611197244297;18.912661325044;28.218801971108;23.293875562165;35.353115962196;92;62.976466925359
20/06/2024;6.5818029217204;19.566980154781;23.61650992261;21.130974105203;74.458867301706;95;86.444598749197
19/06/2024;0.67398660938092;16.471489298473;28.2;22.709600774025;47;86;71.742526970801
18/06/2024;0;13.595005675683;29.77419187179;22.733651558388;36;80;59.245446326884
17/06/2024;0;14.123310817303;25.534165869469;20.308210940203;42.576819491802;91.646884037804;67.21605097933
16/06/2024;0;13.148178778669;27.51536389836;20.897974753083;32;77.070064546003;51.798906802559
15/06/2024;0.62580812821014;16.731668558561;25.233019845219;20.520785656697;41;92.646884037804;64.812486597512
14/06/2024;0;16.070548834131;21.94231805082;19.487524474075;74;88.576819491802;82.977398260862
13/06/2024;0;13.672840585132;25.35768194918;19.149341965388;24;86.165099226097;48.451931709016
12/06/2024;0;12.651747160522;24.677629647039;19.281948248848;28;64.741918717899;41.859331814701
11/06/2024;0;14.514218171609;26.031874118468;20.287494356574;33.388802755703;74.223703529606;52.444004730461
10/06/2024;0;17.04231805082;26.591847818649;21.414643444829;35.811983263901;86.576819491802;57.282276423087
09/06/2024;0.80586043035097;18.34231805082;26.262601915189;21.218549845297;59.070064546003;93.258081282101;75.424298910617
08/06/2024;0.092993545399746;16.165628868122;28.03888027557;21.879445693312;40;93.811983263901;69.95616708678
07/06/2024;0;16.500940464342;26.980052302141;21.632186966713;59;91.423180508198;74.55278117885
06/06/2024;0;16.039820739912;25.911926420609;21.208079362826;50.611197244297;94;74.702471060419
05/06/2024;0;16.942448954921;26.75768194918;20.875842050357;47.741918717899;94;76.643079048651
04/06/2024;0;13.972840585132;25.737734251321;19.973125742152;46;90.423180508198;65.10565505767
03/06/2024;0;14.731462998654;25.92580812821;20.46743792775;47;76.423180508198;60.8862307729
02/06/2024;0;14.117450386952;23.61650992261;18.943763659945;48;78.388802755703;62.900606621225
01/06/2024;0.41880167360989;12.76239665278;23.485987388298;18.532532120065;37;81.611197244297;54.953395097999
31/05/2024;0;12.665965332131;23.22351637721;18.098423194077;35;65.353115962196;49.995931134912
30/05/2024;0;15.855184935771;25.92007860196;20.916590209175;36;77.070064546003;55.455720559304
29/05/2024;0.057681949180189;16.622370352961;24.875337896039;20.558464156126;47;67.611197244297;56.998874299658
28/05/2024;0;12.68820478099;25.805860430351;19.285221978697;34;92.834900773903;57.879852833289
27/05/2024;2.5106491947603;15.648178481171;20.867185714688;17.584719614959;80.070064546003;98.388802755703;90.371401223135
26/05/2024;0;11.358417151113;23.55768194918;18.278459898803;59;93.811983263901;77.36064783638
25/05/2024;0;10.024456841552;23.822370352961;17.196406148145;42;92.646884037804;68.466528489434
24/05/2024;0;11.926748592552;21.505860430351;16.400549194486;50.258081282101;89;69.283801653368
23/05/2024;0.60700645460026;14.4070064546;23.594139569649;18.765172398665;36.741918717899;79.929935453997;59.684210655332
22/05/2024;0;13.216641124209;24.37419187179;18.690912211153;33.423180508198;78.388802755703;57.661134660511
21/05/2024;0;12.824662401459;22.531874118468;17.820457485608;44.353115962196;74;57.874467946521
20/05/2024;0;11.582138790732;22.85768194918;17.666237576406;54.423180508198;96.811983263901;75.96321714925
19/05/2024;0;11.424456841552;24.322370352961;17.756702277842;47.423180508198;95;73.942886328042
18/05/2024;0;13.416304660201;21.71650992261;17.517677198714;60.576819491802;94;78.978291315814
17/05/2024;0;9.0352372379119;21.249529767829;15.680913961141;54;94.646884037804;76.981125145893
16/05/2024;0;10.363337117122;20.597708249;15.021261871514;54.423180508198;93;77.98317513173
15/05/2024;0.91044422984977;13.48349007739;20.57890657539;16.425046542493;59.070064546003;94.646884037804;80.910735130573
14/05/2024;27.293792484277;13.15161625642;16.650470232171;15.35155395915;68;96.646884037804;83.264181111612
13/05/2024;0;11.123310817303;23.048178481171;17.824164035626;44.165099226097;94;67.898024581909
12/05/2024;0.14231805081981;9.8196677796442;23.53531159622;17.048236876012;42;91.481784811708;65.89664671893
11/05/2024;0;10.087793661176;25.6;18.126310269844;36.423180508198;88.811983263901;61.295300975686
10/05/2024;0;11.333885951254;25.841172026571;18.564565432759;34.811983263901;80;57.905742351863
09/05/2024;0;13.523310817303;25.441172026571;18.774983980378;39;77.070064546003;56.901782697483
08/05/2024;0;13.777629647039;22.5092982056;17.984505812708;40;83;60.572886404676
07/05/2024;0.41179521900964;9.3716948583807;20.096431618148;14.818747120239;47.423180508198;87.070064546003;68.695662856156
06/05/2024;8.228772509729;12.3070064546;15.57648362279;14.003593287379;73.353115962196;96;85.114778666725
05/05/2024;0;11.333960309561;20.88119832639;16.403275669178;55;96;77.293184599024
04/05/2024;0;7.5409667641616;20.12580812821;14.487785260358;43.576819491802;94;74.66716761356
03/05/2024;0;7.4458867301706;19.697708249;13.208896333273;42.846361016396;88;68.606381723904
02/05/2024;5.1198736370498;9.0904965319906;13.44231805082;10.62686920888;72;94.811983263901;85.948332932151
01/05/2024;15.443520620863;9.8316685585611;16.124662103961;13.806089068499;83.576819491802;98;92.715604451854
30/04/2024;0.39427047375027;12.890496531991;17.68349007739;15.121579440132;70.258081282101;92;84.536892061459
29/04/2024;1.2589588775307;12.1092982056;19.658827973429;14.901246164045;69;97;85.403440451305
28/04/2024;28.448783671498;12.32580812821;15.871694858381;14.207408616564;72.541132698294;98;90.719288506808
27/04/2024;0.22237035296063;10.5070064546;19.345886730171;15.00576842641;45.423180508198;83.188016736099;63.27522181109
26/04/2024;1.4893402083398;9.9293768075609;15.952967543079;12.027265211505;68.353115962196;93.423180508198;81.201939130898
25/04/2024;0;7.8305228318102;16.86468840378;12.026503889252;37;77.929935453997;57.584428051047
24/04/2024;0;7.0092982056005;16.3092982056;11.364099354085;28.353115962196;63.800523021408;41.685339486138
23/04/2024;0;5.5846361016396;13.915364195859;9.8595372378927;32;54.388802755703;42.235849747059
22/04/2024;0;4.6809930639812;12.66111972443;9.1911207977386;32;63.188016736099;44.765245094613
21/04/2024;0;7.2092982056005;15.66111972443;10.992833942771;28.353115962196;61.834900773903;45.292229578817
20/04/2024;0;9.2316685585611;15.64460980182;12.267768331976;32;74.646884037804;47.243291793629
19/04/2024;0;7.3952109380923;19.72580812821;12.984373228299;21;61.776296470394;43.12160325777
18/04/2024;0;6.9716948583807;13.91880167361;10.604055961587;30;75;50.804892882029
17/04/2024;0;7.9904965319906;16.44460980182;11.641142878552;33;66.834900773903;51.290210575608
16/04/2024;0;9.5621913903713;18.5092982056;14.316909692331;30;64.353115962196;47.265136007862
15/04/2024;0;10.206800894693;25.63531159622;17.119359525415;38;86.258081282101;61.83782516515
14/04/2024;0;9.4384694532541;26.05997370018;17.525085113429;39.258081282101;95;70.288991927381
13/04/2024;0;11.773781049474;27.265834130531;19.489400160893;37.423180508198;83.423180508198;56.416049335099
12/04/2024;0;11.983341360775;28.133019845219;19.320802907976;32;56.964313206493;43.971512551158
11/04/2024;0;10.673986609381;21.766980154781;15.754198410451;34;48.811983263901;42.197048017057
10/04/2024;0;9.3011460242493;16.92351637721;13.092199234677;29.388802755703;61.188016736099;41.030521295812
09/04/2024;1.9729149434393;9.8481784811708;16.264482843873;12.987532535555;45.741918717899;95.611197244297;66.874467822563
08/04/2024;0;9.6925827230835;23.098648713342;17.27594619592;26.070064546003;83.882047809904;56.327463886454
07/04/2024;0;10.668125881532;20.18349007739;15.078805757156;52.811983263901;87.658344280297;68.908362795688
06/04/2024;0;7.3244568415519;21.96468840378;14.713608910227;44;84.588279734295;67.490147214036
05/04/2024;0.1;9.8879992210831;20.38349007739;14.803664909783;55.165099226097;92.353115962196;73.360662680142
04/04/2024;0;7.3857074700828;20.341172026571;13.978578525857;53.423180508198;98.388802755703;80.216559348104
03/04/2024;0.80929850309883;11.573986609381;20.866039690439;14.861643262496;50.423180508198;89.423180508198;73.603799684588
02/04/2024;0.77419187178986;8.1;18.18119832639;12.631538264076;37.646884037804;86.034377752495;65.567579745988
01/04/2024;0.50700645460025;6.2739866093809;17.933019845219;11.943855321515;48.423180508198;86.834900773903;70.866094564447
31/03/2024;28.605011541834;12.22580812821;15.32580812821;13.529129407585;78.165099226097;98;88.613353558295
30/03/2024;5.0185961137026;12.44932450542;18.3070064546;15.020711781557;54;93.165099226097;74.470158001012
29/03/2024;0;14.0070064546;18.031668558561;16.029482597626;56.423180508198;88;70.563320807478
28/03/2024;0;8.7846361016396;16.12580812821;12.85708297407;50.353115962196;90.741918717899;71.222122584803
27/03/2024;10.255389900682;6.3646884037804;14.184767005741;9.5869375541791;52.811983263901;99;79.994130305205
26/03/2024;19.34599611851;9.7611197244297;12.76812617903;11.323870297043;67.741918717899;91.576819491802;82.34437415677
25/03/2024;2.1269541524594;5.6081521813512;15.158827973429;10.316409597897;50;92;67.731443565203
24/03/2024;0;8.3986487133418;15.582138790732;12.050023240767;38;58.588279734295;47.597937411674
23/03/2024;0;11.30815247885;20.44932450542;15.160431990081;22.576819491802;91;54.818368253521
22/03/2024;0;12.331668558561;22.422370352961;17.038844665162;41.070064546003;90.388802755703;64.303728901135
21/03/2024;0;7.2762783603811;22.61650992261;15.044146716419;53;98.258081282101;74.8279412726
20/03/2024;0;8.506800894693;17.436457620469;12.007521743869;69.353115962196;98;88.369130429163
19/03/2024;0;8.9859127324918;22.1092982056;15.686198213573;37.646884037804;96;63.666464755989
18/03/2024;0;11.44231805082;24.16239665278;16.181908534526;38.034377752495;98;72.452494621166
17/03/2024;0;9.4821387907321;18.108152181351;13.541409597897;61;94;74.413576382533
16/03/2024;0;9.8644831413715;21.7;15.339046161133;37.423180508198;90.576819491802;58.962122307579
15/03/2024;0.042318050819811;6.9479729212635;19.347032456921;12.162009126999;52.611197244297;98;83.199435195704
14/03/2024;0;4.5479729212635;16.66468840378;10.547984076835;60;97.388802755703;81.773972304193
13/03/2024;0;7.8728405851316;20.78349007739;13.531748704602;40.811983263901;85.258081282101;62.15919351351
12/03/2024;0;6.2117208607019;16.414218171609;11.371312457324;46.388802755703;76.882047809904;62.739099245943
11/03/2024;0.19184752115046;7.2128668849512;14.56468840378;10.505092139039;52;95.741918717899;75.561795577197
10/03/2024;16.915140525939;7.2927882829908;14.441172026571;10.638913829173;67.776296470394;100;87.948511282082
09/03/2024;63.633426071793;9.3070064546003;12.74002629982;10.841069985653;77.776296470394;97.353115962196;88.642247834998
08/03/2024;6.2647627620883;7.1422436925121;10.28692785264;8.8412272580176;72.741918717899;91.741918717899;82.635109487933
07/03/2024;0;2.3374546306044;14.814218171609;8.9703280380302;44.070064546003;93.811983263901;67.215604451854
06/03/2024;0;4.2481787786691;14.9092982056;9.1633409162143;32.646884037804;75.929935453997;54.699967125225
05/03/2024;0.81880167360989;3.7834900773903;14.750675792078;9.2191093292089;40;96;68.802474720754
04/03/2024;1.2341655719703;4.5894251635474;14.422239448859;9.2647581432812;52.646884037804;95.870587567411;69.671065550599
03/03/2024;55.538938011357;3.5423180508198;12.62580812821;6.5305835941023;82.353115962196;98;92.942665271992
02/03/2024;0.66724196298313;4.6927882829908;15.52351637721;10.791660733604;65.165099226097;95.070064546003;78.511824791636
01/03/2024;0;6.8907017943995;16.12580812821;11.195195035856;33;75.6812617903;57.144033944901
29/02/2024;0;5.8929935453997;16.76468840378;10.385639307552;43;80.716948583807;62.600825785129
28/02/2024;0;8.0588279734295;13.33052283181;10.616685232471;53.646884037804;69.646884037804;62.709489892346
27/02/2024;0.38005230214082;3.7879992210831;12.909503765508;9.1068969456415;61.188016736099;97;76.73638167658
26/02/2024;7.2457561235677;5.6373237265031;14.217655946859;9.8223756416197;61.576819491802;99;85.564714809322
25/02/2024;8.3285669498218;1.4081521813512;13.34002629982;7.3077373573202;60;98;83.40405790683
24/02/2024;0;1.2821387907321;13.276483920288;6.998031651152;45.741918717899;96.646884037804;69.093131575922
23/02/2024;0;5.7481784811708;12.282344350639;9.3311427897589;53.188016736099;74.576819491802;62.203779660218
22/02/2024;2.2741918717899;9.9458867301706;13.62351637721;11.893392672099;66.423180508198;98.070064546003;90.574967249183
21/02/2024;0;7.805860430351;16.25768194918;10.777219779382;55.741918717899;93.646884037804;70.411837518083
20/02/2024;0;8.97284088263;15.88820478099;11.786350081183;44.541132698294;66.870587567411;55.387216651779
19/02/2024;0;8.8070064546003;18.52351637721;13.441284254233;42;81.6812617903;59.496517731767
18/02/2024;0;8.8681827248235;18;12.92951843431;50.188016736099;83.129412432589;68.868097304832
17/02/2024;0;10.8070064546;17.21880167361;13.378321831093;56;79;68.139682058506
16/02/2024;0;5.9726353227227;18.06812617903;11.526660558934;56;100;82.973915992629
15/02/2024;0;4.2244568415519;15.8070064546;9.1863268817752;60.353115962196;100;85.273226616544
14/02/2024;0;2.2550537341714;18.847032456921;9.4525424631187;44.611197244297;100;72.993187132446
13/02/2024;0;4.8174500894533;16.02580812821;9.395143645879;43.070064546003;75.834900773903;61.907229301592
12/02/2024;1.2;1.5927882829908;10.577629647039;7.0967789967738;63.258081282101;92.576819491802;80.936147139043
11/02/2024;0;4.0540386140234;15.314218171609;9.2542229578816;46.811983263901;90.258081282101;69.651297889456
10/02/2024;24.112622294266;6.1634114754299;13.3070064546;10.96857817222;60.223703529606;99;86.666775753418
09/02/2024;1.6130721473602;12.13854410906;13.82351637721;13.030583618894;81.188016736099;96.223703529606;89.127950214754
08/02/2024;0;5.8904965319906;16.98119832639;11.255496657078;55;100;82.163184274476
07/02/2024;0;4.8809930639812;16.701146024249;9.3028539839601;41.741918717899;98.834900773903;69.089789501026
06/02/2024;0;1.456330662522;12.519947697859;6.8677793801567;55;92.882047809904;73.470865532067
05/02/2024;0;3.3539820682299;19.77419187179;9.9608466474144;33.811983263901;79.070064546003;60.078741503624
04/02/2024;0;5.1138814101026;20.685987388298;11.381521839085;32.646884037804;80.6812617903;56.435615209521
03/02/2024;0;5.9456814677616;21.166980154781;12.512143687925;21.423180508198;60.576819491802;44.309691047984
02/02/2024;0;11.091642258742;15.92580812821;13.005052903442;42;68;55.556771815858
01/02/2024;0;5;17.4070064546;10.981466364433;50;91.599737001804;72.324990685973
31/01/2024;0;1.7398207399123;15.26468840378;7.2754180834388;61.576819491802;100;86.613182382329
30/01/2024;0;3.5656288681224;14.7047147036;8.6101903382509;59.188016736099;100;83.735201432862
29/01/2024;0;6.8258081282101;14.266980154781;10.407683913301;59;98.6812617903;78.866016460324
28/01/2024;0;2.7784957530737;14.68119832639;8.6582971474351;65.188016736099;96.092982056005;85.620368098804
27/01/2024;0;5.9671110588819;16.5092982056;11.845208313001;47.423180508198;83.55184935771;64.909554762897
26/01/2024;0;8.5175812910529;21.06812617903;13.825363381319;39;69.258081282101;58.912621486283
25/01/2024;0;9.7929935453997;19.78349007739;13.705921844909;43;73.811983263901;61.88659189833
24/01/2024;0;5.2090929431915;21.397708249;13.153078456215;44;75.834900773903;61.078981570896
23/01/2024;0;7.5328145828104;16.62351637721;11.561912527004;41.188016736099;75.6812617903;58.349086920679
22/01/2024;0;-0.034371429375918;12.182344350639;6.6560474396396;61.576819491802;93.070064546003;79.478151370392
21/01/2024;0;-2.6518215188292;12.02580812821;2.6739376364383;48.576819491802;90.646884037804;73.946275772348
20/01/2024;0;-1.7330198452193;7.1188016736099;2.320304520023;39.070064546003;79.646884037804;56.35132685598
19/01/2024;0;1.7070064546003;6.2918478186488;3.8936061984912;41;78;58.055840480355
18/01/2024;0.2;5.9070064546003;15.543464075069;11.019979895577;70.423180508198;100;88.128757991617
17/01/2024;4.5188016736099;6.6;14.94231805082;9.8440947815674;83;100;92.059831241321
16/01/2024;0.95195242293046;3.0904965319906;9.9811983263901;5.805059137155;63.188016736099;100;77.602825519008
15/01/2024;0;1.8964313206493;14.74231805082;7.9708200933751;49;86.834900773903;66.992667164138
14/01/2024;0;-2.4741918717899;7.8423180508198;1.8458647213311;58.388802755703;100;85.38038476281
13/01/2024;0;-2.0341655719703;9.1235163772099;2.5221742448152;57.353115962196;98.929935453997;75.927206419252
12/01/2024;0;1.094139569649;6.9776296470394;3.4300801875255;57.611197244297;81.423180508198;69.577801327178
11/01/2024;8.385445364382;2.4904965319906;5.6070064546003;4.5195689175494;75.776296470394;100;89.624413527103
10/01/2024;3.3810674222889;-1.3778352069467;9.2493245054201;3.8198995108641;69.929935453997;95.576819491802;86.521701386263
09/01/2024;0;-1.1685370013462;7.8423180508198;2.5638291986398;51;86;65.054446354553
08/01/2024;0;2.1282307833116;7.1811983263901;4.9652361996415;46;62.964313206493;54.334765739687
07/01/2024;0;5.8235163772099;9.3070064546003;7.1590457456425;43.518215188292;60.834900773903;53.71664475015
06/01/2024;0;5.6493245054201;11.84231805082;8.3381530228313;40.388802755703;74.741918717899;57.606474299916
05/01/2024;3.4431847518508;7.7364576204688;10.62351637721;9.5137939274511;73;100;86.46190112757
04/01/2024;0.55411326982945;5.6961514024343;16.08119832639;10.807744069758;47;84.44815064229;68.127380128638
03/01/2024;0;3.2893502102429;13.435311893718;8.404227627291;67.800523021408;95.741918717899;84.310332188214
02/01/2024;0;1.106800894693;9.5904965319906;5.8886893197306;74.188016736099;94;85.325976812766
01/01/2024;0;2.6210934246101;13.88119832639;7.4139720339057;50.188016736099;88.258081282101;72.563087914171

